location_id,location_name,provider_id,provider_name,local_authority,postcode,registration_date,rating_as_published,rating_publication_date,inherited_rating,service_types,service_user_bands,supported_living,provider_country_domiciliary_locations,provider_territory_locations,cqc_url,provider_website,source_edition,weekly_crosscheck_edition,source_retrieved_date,monthly_source_row
1-2375497294,24-7 Care Services,1-2304519526,24-7 Care Services Birmingham Ltd,Birmingham,B33 0TG,2016-01-26,Requires improvement,2024-01-04,N,Domiciliary care service,Dementia; Learning disabilities or autistic spectrum disorder; Older People; People with an eating disorder; Physical Disability; Sensory Impairment; Younger Adults,N,1,1,https://www.cqc.org.uk/location/1-2375497294,,2026-09-01,2026-09-02,2026-09-08,31339
1-19611241388,3 D Care Services,1-14327593737,3D Care Services Limited,Birmingham,B23 6JS,2024-06-26,,,,Domiciliary care service; Supported living service,Mental Health; Older People; Younger Adults,Y,1,1,https://www.cqc.org.uk/location/1-19611241388,www.3Dcareservices.com,2026-09-01,2026-09-02,2026-09-08,22923
1-3844276590,3D Healthcare Solutions Limited,1-3723651868,3D Healthcare Solutions Limited,Birmingham,B76 1HL,2017-05-29,Not Rated,,N,Domiciliary care service; Supported living service,Learning disabilities or autistic spectrum disorder; Mental Health; Older People; Physical Disability; Younger Adults,Y,1,1,https://www.cqc.org.uk/location/1-3844276590,www.3dhealthcaresolutions.co.uk,2026-09-01,2026-09-02,2026-09-08,40423
1-2304486315,A Peel Ltd,1-120628965,A Peel Limited,Birmingham,B44 0HU,2015-11-23,Good,2019-05-30,N,Domiciliary care service,Dementia; Mental Health; Older People; Physical Disability; Sensory Impairment; Younger Adults,N,1,1,https://www.cqc.org.uk/location/1-2304486315,www.carewatch.co.uk,2026-09-01,2026-09-02,2026-09-08,30320
1-15469636349,AG Care Services Limited,1-15126329319,AG Care Services Limited,Birmingham,B9 4LW,2023-05-05,,,,Domiciliary care service; Supported living service,Dementia; Mental Health; Older People; Physical Disability; Sensory Impairment; Younger Adults,Y,1,1,https://www.cqc.org.uk/location/1-15469636349,,2026-09-01,2026-09-02,2026-09-08,16142
1-19897989282,AH Home Care - Birmingham,1-19878134069,AH Home Care Limited,Birmingham,B28 8JG,2024-10-17,,,,Domiciliary care service; Supported living service,Dementia; Mental Health; Older People; Physical Disability; Younger Adults,Y,1,1,https://www.cqc.org.uk/location/1-19897989282,,2026-09-01,2026-09-02,2026-09-08,24669
1-14572350995,AS Global Care Ltd,1-13946559205,AS Global Care Ltd,Birmingham,B17 9PU,2022-12-14,,,,Domiciliary care service,Dementia; Mental Health; Older People; Physical Disability; Sensory Impairment; Younger Adults,N,1,1,https://www.cqc.org.uk/location/1-14572350995,,2026-09-01,2026-09-02,2026-09-08,14332
1-18066555573,Abane Care Limited,1-15081345748,Abane Care Limited,Birmingham,B16 9LP,2023-11-13,,,,Domiciliary care service,Older People; Younger Adults,N,1,1,https://www.cqc.org.uk/location/1-18066555573,www.abanecarelimited.co.uk,2026-09-01,2026-09-02,2026-09-08,19298
1-17885055200,Ables Community Care Ltd,1-16428157675,Ables Community Care Ltd,Birmingham,B33 0UB,2023-11-22,,,,Domiciliary care service; Supported living service,Children 0-18 years; Dementia; Mental Health; Older People; Physical Disability; Sensory Impairment; Younger Adults,Y,1,1,https://www.cqc.org.uk/location/1-17885055200,www.ables-communitycare.co.uk,2026-09-01,2026-09-02,2026-09-08,19000
1-15912518434,Acire Care Birmingham,1-15198148803,Acire Care Ltd,Birmingham,B32 2RH,2023-05-22,,,,Domiciliary care service,Dementia; Mental Health; Older People; Younger Adults,N,1,1,https://www.cqc.org.uk/location/1-15912518434,,2026-09-01,2026-09-02,2026-09-08,16731
1-12478667909,Cardun Care,1-8043692471,Active Property Agents Ltd,Birmingham,B21 0AF,2022-03-30,,,,Domiciliary care service; Supported living service,Mental Health; Younger Adults,Y,1,1,https://www.cqc.org.uk/location/1-12478667909,www.activepropertyagents.com,2026-09-01,2026-09-02,2026-09-08,7883
1-6050171556,Activo Care,1-4564281310,Activo Care Limited,Birmingham,B14 5EB,2019-03-19,,,,Domiciliary care service; Supported living service,Dementia; Learning disabilities or autistic spectrum disorder; Mental Health; Older People; Physical Disability; Younger Adults,Y,1,1,https://www.cqc.org.uk/location/1-6050171556,,2026-09-01,2026-09-02,2026-09-08,49208
1-9786827865,Actual Care Services Ltd,1-8966459544,Actual Care Services Ltd,Birmingham,B42 1DU,2020-10-29,Good,2022-06-22,N,Domiciliary care service; Supported living service,Dementia; Learning disabilities or autistic spectrum disorder; Mental Health; Older People; Younger Adults,Y,1,1,https://www.cqc.org.uk/location/1-9786827865,,2026-09-01,2026-09-02,2026-09-08,54982
1-13834761529,Added Care Ltd,1-9736363094,Added Care Ltd,Birmingham,B23 6HP,2022-08-26,,,,Domiciliary care service; Supported living service,Children 0-18 years; Learning disabilities or autistic spectrum disorder; Mental Health; Older People; Physical Disability; Younger Adults,Y,1,1,https://www.cqc.org.uk/location/1-13834761529,www.addedcarelimited.co.uk,2026-09-01,2026-09-02,2026-09-08,12583
1-255642538,Agape Healthcare Limited,1-228518131,Agape Healthcare Limited,Birmingham,B16 8XF,2011-07-19,Good,2019-09-10,N,Domiciliary care service; Supported living service,Children 0-18 years; Dementia; Learning disabilities or autistic spectrum disorder; Mental Health; Older People; Physical Disability; Sensory Impairment,Y,1,1,https://www.cqc.org.uk/location/1-255642538,www.agapehealthcare.co.uk,2026-09-01,2026-09-02,2026-09-08,33636
1-2197499156,All Care In One Ltd,1-567815338,All Care In One Limited,Birmingham,B6 5RQ,2015-09-01,Good,2020-02-27,N,Domiciliary care service,Older People; Younger Adults,N,1,1,https://www.cqc.org.uk/location/1-2197499156,,2026-09-01,2026-09-02,2026-09-08,28384
1-27481819229,All Round Care Solutions Limited,1-15524986643,All Round Care Solutions Limited,Birmingham,B21 0AF,2026-03-31,,,,Domiciliary care service,Dementia; Mental Health; Older People; People with an eating disorder; Physical Disability; Sensory Impairment; Younger Adults,N,1,1,https://www.cqc.org.uk/location/1-27481819229,www.allroundcaresolutions.co.uk,2026-09-01,2026-09-02,2026-09-08,36027
1-117409276,All Seasons Care Limited,1-101670571,All Seasons Care Limited,Birmingham,B14 7JQ,2011-01-12,Good,2023-12-09,N,Domiciliary care service,Dementia; Learning disabilities or autistic spectrum disorder; Mental Health; Older People; Physical Disability; Sensory Impairment,N,1,1,https://www.cqc.org.uk/location/1-117409276,www.ascaregroup.com,2026-09-01,2026-09-02,2026-09-08,4373
1-126005236,Alpine House,1-101693165,Alpine Care UK Limited,Birmingham,B18 6NY,2011-01-12,Not Rated,,N,Domiciliary care service; Supported living service,Children 0-18 years; Dementia; Learning disabilities or autistic spectrum disorder; Mental Health; Older People; Physical Disability; Sensory Impairment; Whole Population; Younger Adults,Y,1,1,https://www.cqc.org.uk/location/1-126005236,,2026-09-01,2026-09-02,2026-09-08,8449
1-12851853221,Edmund House,1-9550523790,Angel of Life Limited,Birmingham,B3 3AS,2022-03-28,,,,Domiciliary care service,Dementia; Mental Health; Older People; Physical Disability; Sensory Impairment,N,1,1,https://www.cqc.org.uk/location/1-12851853221,www.angeloflife.co.uk,2026-09-01,2026-09-02,2026-09-08,9436
1-3005993441,Antoine Care LTD,1-2885491395,Antoine Care Ltd,Birmingham,B14 6NN,2016-12-22,Good,2021-06-12,N,Domiciliary care service; Supported living service,Learning disabilities or autistic spectrum disorder; Mental Health; Older People; Physical Disability; Sensory Impairment; Younger Adults,Y,1,1,https://www.cqc.org.uk/location/1-3005993441,,2026-09-01,2026-09-02,2026-09-08,38270
1-11773547995,Aspect Supported Living Limited,1-10370366227,Aspect Supported Living Limited,Birmingham,B13 8JR,2021-10-06,Requires improvement,2023-02-22,N,Domiciliary care service; Supported living service,Dementia; Learning disabilities or autistic spectrum disorder; Mental Health; Physical Disability; Younger Adults,Y,1,1,https://www.cqc.org.uk/location/1-11773547995,www.aspectsupportedliving.co.uk,2026-09-01,2026-09-02,2026-09-08,4508
1-135012480,Aspects Care Limited,1-101681607,Aspects Care Limited,Birmingham,B30 3EJ,2010-11-25,Good,2020-01-10,N,Domiciliary care service; Supported living service,Dementia; Learning disabilities or autistic spectrum disorder; Mental Health; Older People; Physical Disability; Sensory Impairment,Y,3,2,https://www.cqc.org.uk/location/1-135012480,www.aspectscare.co.uk,2026-09-01,2026-09-02,2026-09-08,11692
1-11064506487,Assisted Lives (Birmingham),1-287194006,Assisted Lives Ltd,Birmingham,B33 8PP,2021-07-02,Requires improvement,2023-12-02,N,Domiciliary care service; Supported living service,Children 0-18 years; Dementia; Learning disabilities or autistic spectrum disorder; Mental Health; Older People; People with an eating disorder; Physical Disability; Sensory Impairment; Younger Adults,Y,3,1,https://www.cqc.org.uk/location/1-11064506487,www.assistedlives.co.uk,2026-09-01,2026-09-02,2026-09-08,2131
1-2448863376,Home Instead Senior Care,1-117003295,Assured Lifestyle Limited,Birmingham,B73 5UE,2016-02-09,Good,2023-04-22,N,Domiciliary care service,Dementia; Learning disabilities or autistic spectrum disorder; Mental Health; Older People; Physical Disability; Sensory Impairment; Younger Adults,N,1,1,https://www.cqc.org.uk/location/1-2448863376,www.homeinstead.co.uk,2026-09-01,2026-09-02,2026-09-08,32228
1-18936674240,Attentive Community Care LTD,1-15869966974,Attentive Community Care Limited,Birmingham,B42 2DZ,2024-03-13,,,,Domiciliary care service,Dementia; Mental Health; Older People; Physical Disability; Sensory Impairment; Younger Adults,N,1,1,https://www.cqc.org.uk/location/1-18936674240,www.attentivecommunitycare.com,2026-09-01,2026-09-02,2026-09-08,21109
1-4262206830,Audley Care Ltd - Audley Care St Georges Place,1-174576986,Audley Care Ltd,Birmingham,B15 3SH,2017-09-08,Good,2019-04-12,N,Domiciliary care service,Dementia; Mental Health; Older People; Physical Disability; Sensory Impairment; Younger Adults,N,16,1,https://www.cqc.org.uk/location/1-4262206830,www.audleycare.co.uk,2026-09-01,2026-09-02,2026-09-08,41498
1-19464572857,Azalea Care Services Ltd,1-17941623377,Azalea Care Services Ltd,Birmingham,B16 9NX,2024-05-30,,,,Domiciliary care service; Supported living service,Dementia; Mental Health; Older People; Physical Disability; Younger Adults,Y,1,1,https://www.cqc.org.uk/location/1-19464572857,,2026-09-01,2026-09-02,2026-09-08,22392
1-26963512859,Baldwins Care Ltd,1-25474360399,Baldwins Care Ltd,Birmingham,B28 0XB,2026-02-20,,,,Domiciliary care service,Dementia; Older People; Physical Disability; Sensory Impairment; Younger Adults,N,1,1,https://www.cqc.org.uk/location/1-26963512859,www.heritagehealthcare.co.uk/birminghamsouth,2026-09-01,2026-09-02,2026-09-08,35441
1-1011039037,Balm Care Services Limited,1-864898519,Balm Care Services Limited,Birmingham,B31 2SU,2013-10-16,Good,2018-03-21,N,Domiciliary care service,Dementia; Learning disabilities or autistic spectrum disorder; Mental Health; Older People; Physical Disability; Sensory Impairment; Younger Adults,N,1,1,https://www.cqc.org.uk/location/1-1011039037,www.balmcareservices.com,2026-09-01,2026-09-02,2026-09-08,166
1-4654998035,Baobab Care UK Limited,1-4227809948,Baobab Care UK Limited,Birmingham,B12 0NQ,2017-12-22,Good,2023-07-14,N,Domiciliary care service; Supported living service,Learning disabilities or autistic spectrum disorder; Mental Health; Physical Disability; Sensory Impairment; Younger Adults,Y,1,1,https://www.cqc.org.uk/location/1-4654998035,www.baobabcare.co.uk,2026-09-01,2026-09-02,2026-09-08,42537
1-2828593075,Health Matters,1-101648444,Bellview (UK) Ltd,Birmingham,B20 1DR,2016-08-26,Good,2019-01-15,N,Domiciliary care service; Supported living service,Dementia; Learning disabilities or autistic spectrum disorder; Mental Health; Older People; Physical Disability; Sensory Impairment; Younger Adults,Y,1,1,https://www.cqc.org.uk/location/1-2828593075,,2026-09-01,2026-09-02,2026-09-08,36854
1-12076992360,Benedon Healthcare Limited,1-2778285581,Benedon Healthcare Limited,Birmingham,B11 2AA,2021-11-30,Good,2023-06-14,N,Domiciliary care service; Supported living service,Dementia; Learning disabilities or autistic spectrum disorder; Mental Health; Older People; People who misuse drugs and alcohol; People with an eating disorder; Physical Disability; Sensory Impairment; Younger Adults,Y,1,1,https://www.cqc.org.uk/location/1-12076992360,www.benedonhealthcare.com,2026-09-01,2026-09-02,2026-09-08,6120
1-16953942456,52 Blucher Street,1-10649595891,Bethel Innovations Ltd,Birmingham,B1 1QU,2023-08-30,,,,Domiciliary care service; Supported living service,Children 0-18 years; Dementia; Mental Health; Older People; People who misuse drugs and alcohol; Physical Disability; Sensory Impairment; Younger Adults,Y,1,1,https://www.cqc.org.uk/location/1-16953942456,,2026-09-01,2026-09-02,2026-09-08,17849
1-16325372876,Arden Place,1-101665577,Bethphage,Birmingham,B33 0NN,2023-06-20,Good,2019-04-13,Y,Domiciliary care service; Supported living service,Learning disabilities or autistic spectrum disorder; Mental Health; Older People; Physical Disability; Sensory Impairment; Younger Adults,Y,2,1,https://www.cqc.org.uk/location/1-16325372876,www.bethphage.co.uk,2026-09-01,2026-09-02,2026-09-08,17159
1-21723892882,British Elderly Care Birmingham,1-21677461970,Better Care Global Ltd,Birmingham,B75 7BG,2025-03-06,,,,Domiciliary care service,Dementia; Learning disabilities or autistic spectrum disorder; Mental Health; Older People; Physical Disability; Sensory Impairment; Younger Adults,N,1,1,https://www.cqc.org.uk/location/1-21723892882,www.britishelderlycare.com/,2026-09-01,2026-09-02,2026-09-08,27895
1-13007005114,Biliv Care Limited,1-11589180040,Biliv Care Limited,Birmingham,B27 7SN,2022-04-22,Not Rated,,N,Domiciliary care service; Supported living service,Children 0-18 years; Dementia; Learning disabilities or autistic spectrum disorder; Mental Health; Older People; Physical Disability; Sensory Impairment; Younger Adults,Y,1,1,https://www.cqc.org.uk/location/1-13007005114,www.bilivcare.co.uk,2026-09-01,2026-09-02,2026-09-08,10101
1-20173366121,BBA Sheldon,1-131672591,Birmingham Business Associate Ltd,Birmingham,B26 2DQ,2024-10-24,,,,Community based services for people with a learning disability; Community based services for people with mental health needs; Domiciliary care service; Extra Care housing services,Dementia; Learning disabilities or autistic spectrum disorder; Mental Health; Older People; Physical Disability; Sensory Impairment; Younger Adults,N,4,2,https://www.cqc.org.uk/location/1-20173366121,www.birminghambusinessassociateltd.com,2026-09-01,2026-09-02,2026-09-08,25329
1-2702214180,Birmingham Business Associate Limited,1-131672591,Birmingham Business Associate Ltd,Birmingham,B19 3QL,2016-06-10,Good,2018-06-26,N,Domiciliary care service,Children 0-18 years; Dementia; Learning disabilities or autistic spectrum disorder; Mental Health; Older People; Physical Disability; Sensory Impairment; Younger Adults,N,4,2,https://www.cqc.org.uk/location/1-2702214180,www.birminghambusinessassociateltd.com,2026-09-01,2026-09-02,2026-09-08,35518
1-2352192732,North and South Home Care,1-101676649,Birmingham City Council,Birmingham,B1 1BB,2015-12-15,Good,2019-11-28,N,Domiciliary care service,Dementia; Learning disabilities or autistic spectrum disorder; Older People; Physical Disability; Sensory Impairment; Younger Adults,N,1,1,https://www.cqc.org.uk/location/1-2352192732,www.birmingham.gov.uk,2026-09-01,2026-09-02,2026-09-08,30988
1-1150868204,Birmingham Rathbone,1-101653578,Birmingham Rathbone Society,Birmingham,B16 8DN,2014-01-27,Good,2017-10-10,N,Domiciliary care service; Supported living service,Dementia; Learning disabilities or autistic spectrum disorder; Mental Health; Older People; People with an eating disorder; Physical Disability; Sensory Impairment; Younger Adults,Y,1,1,https://www.cqc.org.uk/location/1-1150868204,,2026-09-01,2026-09-02,2026-09-08,3558
1-20708018081,Blue Diamonds Professional Services Limited Office,1-5178339541,Blue Diamonds Professional Services Limited,Birmingham,B33 0TU,2024-12-18,Good,2019-09-10,Y,Domiciliary care service; Supported living service,Children 0-18 years; Dementia; Learning disabilities or autistic spectrum disorder; Mental Health; Older People; Physical Disability; Sensory Impairment; Younger Adults,Y,1,1,https://www.cqc.org.uk/location/1-20708018081,www.bluediamondsprofessionalservices.co.uk,2026-09-01,2026-09-02,2026-09-08,26621
1-11823060917,Bolingo Care Birmingham Branch,1-11415618121,Bolingo Care Ltd,Birmingham,B17 9PU,2021-11-09,Good,2023-11-30,N,Domiciliary care service; Supported living service,Dementia; Mental Health; Older People; Physical Disability,Y,1,1,https://www.cqc.org.uk/location/1-11823060917,www.bolingo-care.co.uk,2026-09-01,2026-09-02,2026-09-08,4727
1-2267490173,Brightside Carers Ltd,1-2190021426,Brightside Carers Limited,Birmingham,B11 2BA,2015-11-05,Good,2019-07-18,N,Domiciliary care service; Supported living service,Dementia; Learning disabilities or autistic spectrum disorder; Mental Health; People who misuse drugs and alcohol; People with an eating disorder; Physical Disability; Sensory Impairment; Whole Population,Y,2,1,https://www.cqc.org.uk/location/1-2267490173,,2026-09-01,2026-09-02,2026-09-08,29751
1-14836689396,Brooksview Healthcare Ltd,1-14029468621,Brooksview Healthcare Ltd,Birmingham,B45 9AN,2023-01-25,,,,Domiciliary care service; Supported living service,Children 0-18 years; Dementia; Learning disabilities or autistic spectrum disorder; Mental Health; Older People; Physical Disability; Sensory Impairment; Younger Adults,Y,1,1,https://www.cqc.org.uk/location/1-14836689396,www.brooksviewhealthcare.co.uk,2026-09-01,2026-09-02,2026-09-08,14882
1-9111017585,CM Community Care Services Birmingham,1-101671495,C M Community Care Services Limited,Birmingham,B23 5HD,2020-06-24,Good,2021-12-25,N,Domiciliary care service,Dementia; Mental Health; Older People; Physical Disability; Sensory Impairment; Younger Adults,N,2,1,https://www.cqc.org.uk/location/1-9111017585,,2026-09-01,2026-09-02,2026-09-08,53858
1-22161601405,Arion Business Centre,1-18935800347,CaReach Limited,Birmingham,B23 6BG,2025-04-16,,,,Domiciliary care service; Supported living service,Dementia; Learning disabilities or autistic spectrum disorder; Mental Health; Older People; Physical Disability; Younger Adults,Y,1,1,https://www.cqc.org.uk/location/1-22161601405,,2026-09-01,2026-09-02,2026-09-08,29260
1-6611825922,Calvic Enterprises Ltd,1-6059762992,Calvic Enterprises Limited,Birmingham,B11 2AA,2019-03-20,Good,2020-03-07,N,Domiciliary care service; Supported living service,Children 0-18 years; Dementia; Learning disabilities or autistic spectrum disorder; Older People; Physical Disability; Sensory Impairment; Younger Adults,Y,1,1,https://www.cqc.org.uk/location/1-6611825922,www.calvic.org,2026-09-01,2026-09-02,2026-09-08,50279
1-11140088585,Quadrant Court,1-9768353707,Care & Grace Ltd,Birmingham,B1 1BD,2021-06-25,Not Rated,,N,Domiciliary care service; Supported living service,Dementia; Learning disabilities or autistic spectrum disorder; Mental Health; Older People; Physical Disability; Sensory Impairment; Younger Adults,Y,1,1,https://www.cqc.org.uk/location/1-11140088585,www.careandgrace.co.uk,2026-09-01,2026-09-02,2026-09-08,2347
1-127836668,Care 4U Services (Midlands) Ltd,1-101648062,Care 4U Services (Midlands) Ltd,Birmingham,B28 0BX,2010-12-03,Good,2022-02-15,N,Domiciliary care service; Supported living service,Dementia; Learning disabilities or autistic spectrum disorder; Older People; Physical Disability; Sensory Impairment,Y,1,1,https://www.cqc.org.uk/location/1-127836668,www.care4uservices.co.uk,2026-09-01,2026-09-02,2026-09-08,9226
1-16392427958,Care At Call,1-14970704511,Care At Call Ltd,Birmingham,B76 1NY,2023-06-23,,,,Domiciliary care service,Dementia; Mental Health; Older People; Physical Disability; Younger Adults,N,1,1,https://www.cqc.org.uk/location/1-16392427958,www.careatcalll.co.uk,2026-09-01,2026-09-02,2026-09-08,17271
1-3910729651,Care Avenues Limited,1-101665523,Care Avenues Limited,Birmingham,B28 9HH,2017-06-08,Good,2019-12-14,N,Domiciliary care service; Supported living service,Children 0-18 years; Dementia; Learning disabilities or autistic spectrum disorder; Mental Health; Older People; Younger Adults,Y,2,1,https://www.cqc.org.uk/location/1-3910729651,,2026-09-01,2026-09-02,2026-09-08,40587
1-22953020078,Care Network,1-15912757962,Care Network Ltd,Birmingham,B14 7SR,2025-06-16,,,,Domiciliary care service,Older People; Physical Disability; Younger Adults,N,1,1,https://www.cqc.org.uk/location/1-22953020078,,2026-09-01,2026-09-02,2026-09-08,30155
1-226641203,Care Packages UK Limited,1-209331816,Care Packages UK Limited,Birmingham,B3 3AS,2011-05-12,Requires improvement,2019-12-25,N,Domiciliary care service,Older People,N,1,1,https://www.cqc.org.uk/location/1-226641203,www.carepackagesuk.co.uk,2026-09-01,2026-09-02,2026-09-08,29744
1-12642216625,Care Plus Direct Ltd,1-11995187387,Care Plus Direct Limited,Birmingham,B21 0AF,2022-03-05,,,,Domiciliary care service; Supported living service,Dementia; Learning disabilities or autistic spectrum disorder; Older People; Physical Disability; Sensory Impairment; Younger Adults,Y,1,1,https://www.cqc.org.uk/location/1-12642216625,www.careplusdirect.com,2026-09-01,2026-09-02,2026-09-08,8673
1-17927174505,Care Service Solution Ltd,1-16486421201,Care Service Solution Ltd,Birmingham,B12 0RT,2023-11-14,,,,Domiciliary care service; Supported living service,Children 0-18 years; Dementia; Mental Health; Older People; Physical Disability; Sensory Impairment; Younger Adults,Y,1,1,https://www.cqc.org.uk/location/1-17927174505,www.careservicesolution.co.uk,2026-09-01,2026-09-02,2026-09-08,19073
1-1597646991,Ashmill Residential Care Home,1-1513809410,Care and Resolve Limited,Birmingham,B20 1EA,2014-09-11,Requires improvement,2020-03-13,N,Care home service without nursing; Domiciliary care service,Dementia; Learning disabilities or autistic spectrum disorder; Mental Health; Older People; People who misuse drugs and alcohol; People with an eating disorder; Physical Disability; Sensory Impairment; Younger Adults,N,1,1,https://www.cqc.org.uk/location/1-1597646991,,2026-09-01,2026-09-02,2026-09-08,16864
1-2435061432,Care2Home Ltd,1-2373361411,Care2Home Ltd,Birmingham,B28 0XB,2016-03-24,Good,2019-05-14,N,Domiciliary care service; Supported living service,Dementia; Learning disabilities or autistic spectrum disorder; Mental Health; Older People; Physical Disability; Sensory Impairment; Younger Adults,Y,1,1,https://www.cqc.org.uk/location/1-2435061432,www.care2home.co.uk,2026-09-01,2026-09-02,2026-09-08,32063
1-5353069319,Care4Less Limited,1-5103957526,Care4Less Limited,Birmingham,B16 8SP,2018-06-14,Good,2019-05-23,N,Domiciliary care service; Supported living service,Dementia; Learning disabilities or autistic spectrum disorder; Mental Health; Older People; Physical Disability; Sensory Impairment; Younger Adults,Y,2,1,https://www.cqc.org.uk/location/1-5353069319,,2026-09-01,2026-09-02,2026-09-08,44175
1-19060358552,Carebright Living Limited,1-17190757233,Carebright Living Limited,Birmingham,B15 1TH,2024-04-25,,,,Domiciliary care service; Supported living service,Dementia; Mental Health; Older People; Physical Disability; Sensory Impairment; Younger Adults,Y,1,1,https://www.cqc.org.uk/location/1-19060358552,www.carebrightliving.co.uk,2026-09-01,2026-09-02,2026-09-08,21560
1-24674820178,Caregenics Healthcare Limited,1-12676299746,Caregenics Healthcare Limited,Birmingham,B15 3BE,2025-09-15,,,,Domiciliary care service,Dementia; Learning disabilities or autistic spectrum disorder; Mental Health; Older People; Physical Disability; Sensory Impairment; Younger Adults,N,2,1,https://www.cqc.org.uk/location/1-24674820178,www.caregenics.co.uk,2026-09-01,2026-09-02,2026-09-08,32530
1-3090033271,Carers Forward Head office,1-2245474707,Carers Forward C.I.C.,Birmingham,B12 0DU,2016-12-06,Good,2019-03-26,N,Domiciliary care service; Supported living service,Children 0-18 years; Learning disabilities or autistic spectrum disorder; Older People; Whole Population; Younger Adults,Y,1,1,https://www.cqc.org.uk/location/1-3090033271,www.carersforward.org.uk,2026-09-01,2026-09-02,2026-09-08,38591
1-13512914975,Carewell Services Ltd,1-13044652355,Carewell Services Ltd,Birmingham,B3 1SF,2022-10-03,,,,Domiciliary care service,Dementia; Mental Health; Older People; People who misuse drugs and alcohol; Physical Disability; Younger Adults,N,1,1,https://www.cqc.org.uk/location/1-13512914975,,2026-09-01,2026-09-02,2026-09-08,11728
1-7383863446,Central Carers Services,1-6876685960,Central Carers Limited,Birmingham,B24 9PD,2019-08-23,,,,Domiciliary care service; Supported living service,Learning disabilities or autistic spectrum disorder; Mental Health; Older People; Younger Adults,Y,1,1,https://www.cqc.org.uk/location/1-7383863446,,2026-09-01,2026-09-02,2026-09-08,51548
1-1495882805,IMPACT,1-232376741,Centrion Care UK Ltd,Birmingham,B12 0DG,2014-06-30,Requires improvement,2025-01-28,N,Domiciliary care service,Older People,N,1,1,https://www.cqc.org.uk/location/1-1495882805,,2026-09-01,2026-09-02,2026-09-08,15118
1-409194469,Cherish Home Care Limited,1-101671876,Cherish Home Care Ltd,Birmingham,B73 5DA,2012-04-13,Good,2019-04-13,N,Domiciliary care service,Dementia; Learning disabilities or autistic spectrum disorder; Mental Health; Older People; Physical Disability; Sensory Impairment,N,2,1,https://www.cqc.org.uk/location/1-409194469,www.cherishhomecare.co.uk,2026-09-01,2026-09-02,2026-09-08,41030
1-13814354371,Choice Health Care - Birmingham,1-11996018007,Choice Health Care Limited,Birmingham,B11 2AA,2022-08-25,,,,Domiciliary care service; Supported living service,Learning disabilities or autistic spectrum disorder; Mental Health; Older People; Physical Disability; Younger Adults,Y,1,1,https://www.cqc.org.uk/location/1-13814354371,www.choice-hc.co.uk/,2026-09-01,2026-09-02,2026-09-08,12523
1-18386788641,Choice Support Care Ltd,1-10840739432,Choice Support Care Ltd,Birmingham,B18 4HB,2024-01-18,,,,Domiciliary care service,Older People; Younger Adults,N,1,1,https://www.cqc.org.uk/location/1-18386788641,www.choicesupportcareltd.co.uk,2026-09-01,2026-09-02,2026-09-08,19872
1-2427112311,Choices Care Ltd (Birmingham),1-467970437,Choices Care Ltd,Birmingham,B11 2AA,2016-03-17,Good,2026-07-01,N,Domiciliary care service,Dementia; Learning disabilities or autistic spectrum disorder; Mental Health; Older People; Physical Disability; Sensory Impairment; Younger Adults,N,4,1,https://www.cqc.org.uk/location/1-2427112311,www.choicescare.org,2026-09-01,2026-09-02,2026-09-08,31958
1-23236585428,Olivet,1-22810884649,Christadelphian Care Homes,Birmingham,B27 6AD,2025-07-29,Good,2018-10-23,Y,Care home service with nursing; Domiciliary care service,Dementia; Mental Health; Older People; Physical Disability; Younger Adults,N,1,1,https://www.cqc.org.uk/location/1-23236585428,,2026-09-01,2026-09-02,2026-09-08,30599
1-14518917943,Clara Barton's Care Services,1-13931834888,Clara Barton's Care Services Ltd,Birmingham,B26 3NW,2022-12-06,,,,Domiciliary care service,Children 0-18 years; Dementia; Learning disabilities or autistic spectrum disorder; Mental Health; Older People; Physical Disability; Younger Adults,N,1,1,https://www.cqc.org.uk/location/1-14518917943,www.clarabartons.com,2026-09-01,2026-09-02,2026-09-08,14213
1-1973151376,Clarence Care Ltd,1-436724647,Clarence Care Limited,Birmingham,B38 8RS,2015-03-10,Good,2019-02-05,N,Domiciliary care service,Dementia; Learning disabilities or autistic spectrum disorder; Mental Health; Older People; People who misuse drugs and alcohol; People with an eating disorder; Physical Disability; Sensory Impairment,N,1,1,https://www.cqc.org.uk/location/1-1973151376,www.clarencecare.co.uk,2026-09-01,2026-09-02,2026-09-08,23409
1-15303501099,10 The Green,1-15018710543,Clarity Care Living Ltd,Birmingham,B31 5HT,2023-05-23,,,,Domiciliary care service; Supported living service,Dementia; Mental Health; Older People; Physical Disability; Sensory Impairment; Younger Adults,Y,1,1,https://www.cqc.org.uk/location/1-15303501099,www.claritycareliving.co.uk,2026-09-01,2026-09-02,2026-09-08,15901
1-27000963245,Clear Choice Care Solutions Limited,1-18822112432,Clear Choice Care Solutions Limited,Birmingham,B12 0NS,2026-02-26,,,,Domiciliary care service; Supported living service,Dementia; Learning disabilities or autistic spectrum disorder; Mental Health; Older People; Younger Adults,Y,1,1,https://www.cqc.org.uk/location/1-27000963245,www.clearchoicecaresolutions.co.uk,2026-09-01,2026-09-02,2026-09-08,35470
1-6049488886,Comfort Homes and Care Ltd,1-5592084952,Comfort Homes and Care Limited,Birmingham,B11 2AA,2019-02-22,Good,2020-03-07,N,Domiciliary care service; Supported living service,Dementia; Learning disabilities or autistic spectrum disorder; Mental Health; Older People; Physical Disability; Younger Adults,Y,1,1,https://www.cqc.org.uk/location/1-6049488886,,2026-09-01,2026-09-02,2026-09-08,49206
1-23037174785,Compass Care Services Ltd,1-21275256085,Compass Care Services Ltd,Birmingham,B11 2AA,2025-05-06,,,,Domiciliary care service,Dementia; Mental Health; Older People; Physical Disability; Younger Adults,N,1,1,https://www.cqc.org.uk/location/1-23037174785,www.compasscareservice.com,2026-09-01,2026-09-02,2026-09-08,30316
1-11506491838,Cornerstone Professional Care Ltd,1-9352498095,Cornerstone Professional Care Ltd,Birmingham,B18 7DL,2022-05-17,Not Rated,,N,Domiciliary care service; Supported living service,Dementia; Mental Health; Older People; Physical Disability; Sensory Impairment,Y,1,1,https://www.cqc.org.uk/location/1-11506491838,www.cornerstoneprofessionalcare.com,2026-09-01,2026-09-02,2026-09-08,3550
1-450245368,Littleton House,1-441061316,Crowne Home Care Limited,Birmingham,B45 0JD,2012-09-26,Good,2022-05-04,N,Domiciliary care service; Supported living service,Learning disabilities or autistic spectrum disorder; Mental Health; Older People; Physical Disability; Younger Adults,Y,1,1,https://www.cqc.org.uk/location/1-450245368,,2026-09-01,2026-09-02,2026-09-08,42119
1-350438194,DT Care Services,1-321248581,DT Care Services Ltd,Birmingham,B28 9HA,2011-12-20,Good,2019-05-25,N,Domiciliary care service; Supported living service,Children 0-18 years; Dementia; Learning disabilities or autistic spectrum disorder; Older People; Physical Disability; Sensory Impairment,Y,1,1,https://www.cqc.org.uk/location/1-350438194,www.dtcareservices.co.uk,2026-09-01,2026-09-02,2026-09-08,39544
1-2300927102,Dolphin Healthcare Services,1-2239281679,Delight Essential Services UK Limited,Birmingham,B26 2RU,2015-12-04,Not Rated,,N,Domiciliary care service; Extra Care housing services; Shared Lives; Supported living service,Children 0-18 years; Dementia; Learning disabilities or autistic spectrum disorder; Mental Health; Older People; Physical Disability; Sensory Impairment; Younger Adults,Y,1,1,https://www.cqc.org.uk/location/1-2300927102,www.dolphinhealthcare.co.uk,2026-09-01,2026-09-02,2026-09-08,30268
1-14373841975,Desired Care 4 U Limited Birmingham,1-370843088,Desired Care 4 U Limited,Birmingham,B17 8JF,2022-11-14,,,,Domiciliary care service,Dementia; Learning disabilities or autistic spectrum disorder; Older People; Physical Disability; Sensory Impairment; Younger Adults,N,2,1,https://www.cqc.org.uk/location/1-14373841975,www.desiredcare.co.uk,2026-09-01,2026-09-02,2026-09-08,13880
1-1428451467,Diverse Care Services,1-689614085,Diverse Care Services Limited,Birmingham,B26 3NW,2014-05-27,Not Rated,,N,Domiciliary care service; Supported living service,Children 0-18 years; Dementia; Learning disabilities or autistic spectrum disorder; Mental Health; Older People; Physical Disability; Sensory Impairment; Younger Adults,Y,2,1,https://www.cqc.org.uk/location/1-1428451467,www.diversecareltd.co.uk,2026-09-01,2026-09-02,2026-09-08,13663
1-6842859284,Diverse City Care Ltd,1-6786316671,Diverse City Care Ltd,Birmingham,B5 6BJ,2019-06-14,Good,2021-11-13,N,Domiciliary care service,Children 0-18 years; Dementia; Learning disabilities or autistic spectrum disorder; Mental Health; Older People; Physical Disability; Sensory Impairment; Younger Adults,N,1,1,https://www.cqc.org.uk/location/1-6842859284,www.diversecitycare.co.uk,2026-09-01,2026-09-02,2026-09-08,50688
1-3727554964,Divine Intervention Home Care Limited,1-3551501867,Divine Intervention Home Care Limited,Birmingham,B28 8JG,2017-04-20,Not Rated,,N,Domiciliary care service; Supported living service,Children 0-18 years; Dementia; Learning disabilities or autistic spectrum disorder; Mental Health; Older People; Physical Disability; Sensory Impairment; Younger Adults,Y,1,1,https://www.cqc.org.uk/location/1-3727554964,www.dihomecare.co.uk,2026-09-01,2026-09-02,2026-09-08,40161
1-2695980058,Dwell Homecare Limited,1-2555699700,Dwell Homecare Limited,Birmingham,B14 7JG,2016-08-09,Good,2019-05-29,N,Domiciliary care service,Dementia; Learning disabilities or autistic spectrum disorder; Older People; Physical Disability; Sensory Impairment; Younger Adults,N,1,1,https://www.cqc.org.uk/location/1-2695980058,,2026-09-01,2026-09-02,2026-09-08,35434
1-25512414515,Ecohomes Care Ltd,1-23104973204,Ecohomes Care Ltd,Birmingham,B24 9FE,2025-11-06,,,,Domiciliary care service,Older People; Physical Disability; Younger Adults,N,1,1,https://www.cqc.org.uk/location/1-25512414515,www.ecohomescare.co.uk,2026-09-01,2026-09-02,2026-09-08,33549
1-20295193040,Edansupport Limited,1-18387142046,Edansupport Limited,Birmingham,B44 8NH,2024-11-13,,,,Domiciliary care service; Supported living service,Older People; Physical Disability; Younger Adults,Y,1,1,https://www.cqc.org.uk/location/1-20295193040,www.edansupport.co.uk,2026-09-01,2026-09-02,2026-09-08,25626
1-3154262922,Elegant Living Care Office,1-2980994353,Elegant Living Care Ltd,Birmingham,B16 8XF,2017-01-04,Good,2019-05-15,N,Domiciliary care service; Supported living service,Dementia; Learning disabilities or autistic spectrum disorder; Mental Health; Older People; Physical Disability; Younger Adults,Y,1,1,https://www.cqc.org.uk/location/1-3154262922,,2026-09-01,2026-09-02,2026-09-08,38840
1-1588568404,Elite Care and Support Services,1-509862581,Elite Care Homes Ltd,Birmingham,B12 0HG,2014-08-20,Requires improvement,2019-04-12,N,Community health care services - Nurses Agency only; Domiciliary care service; Supported living service,Mental Health; Older People; Younger Adults,Y,1,1,https://www.cqc.org.uk/location/1-1588568404,www.elitecarehomes.com,2026-09-01,2026-09-02,2026-09-08,16709
1-562133340,Embec Care Limited,1-497747725,Embec Care Limited,Birmingham,B75 5BY,2013-01-31,Good,2019-07-16,N,Domiciliary care service,Dementia; Mental Health; Older People; Physical Disability; Sensory Impairment; Younger Adults,N,1,1,https://www.cqc.org.uk/location/1-562133340,www.embeccare.co.uk,2026-09-01,2026-09-02,2026-09-08,47179
1-18773703134,Empathy Care Services Birmingham,1-8846211889,Empathy Care Services Limited,Birmingham,B45 9AH,2024-03-13,,,,Domiciliary care service,Older People; Younger Adults,N,2,1,https://www.cqc.org.uk/location/1-18773703134,,2026-09-01,2026-09-02,2026-09-08,20499
1-6987313564,Epic Care Services Limited,1-6792174541,Epic Care Services Limited,Birmingham,B16 9NX,2019-06-19,Good,2022-12-13,N,Domiciliary care service; Supported living service,Children 0-18 years; Dementia; Learning disabilities or autistic spectrum disorder; Mental Health; Older People; Physical Disability; Sensory Impairment; Younger Adults,Y,2,1,https://www.cqc.org.uk/location/1-6987313564,www.epiccareservices.uk/epic.html,2026-09-01,2026-09-02,2026-09-08,50930
1-6037207160,EroHealthCare Ltd,1-5730542790,EroHealthCare Ltd,Birmingham,B23 6LR,2018-11-16,Requires improvement,2021-12-10,N,Domiciliary care service; Supported living service,Dementia; Learning disabilities or autistic spectrum disorder; Mental Health; Older People; People with an eating disorder; Physical Disability; Sensory Impairment; Younger Adults,Y,1,1,https://www.cqc.org.uk/location/1-6037207160,www.erohealthcare.com,2026-09-01,2026-09-02,2026-09-08,49186
1-9414045580,Esmero Care Services Limited,1-7807118531,Esmero Care Services Limited,Birmingham,B11 2AA,2020-08-20,Requires improvement,2022-02-04,N,Domiciliary care service; Supported living service,Dementia; Learning disabilities or autistic spectrum disorder; Mental Health; Older People; Physical Disability; Younger Adults,Y,1,1,https://www.cqc.org.uk/location/1-9414045580,www.esmerocareservices.co.uk,2026-09-01,2026-09-02,2026-09-08,54355
1-13044572799,Evergreen Care Provider Limited,1-2018525909,Evergreen Care Provider Limited,Birmingham,B44 8NH,2022-04-27,Good,2019-06-28,Y,Domiciliary care service; Supported living service,Children 0-18 years; Dementia; Learning disabilities or autistic spectrum disorder; Mental Health; Older People; Physical Disability; Sensory Impairment; Younger Adults,Y,1,1,https://www.cqc.org.uk/location/1-13044572799,,2026-09-01,2026-09-02,2026-09-08,10230
1-26682155005,Express Care at Home,1-23303668656,Express Nursing Limited,Birmingham,B3 1QS,2026-01-30,,,,Domiciliary care service,Mental Health; Physical Disability; Sensory Impairment; Whole Population,N,1,1,https://www.cqc.org.uk/location/1-26682155005,www.express-nursing.co.uk,2026-09-01,2026-09-02,2026-09-08,35078
1-13634729916,Faith & Hope Ltd,1-11457811827,Faith & Hope Ltd,Birmingham,B29 5UN,2022-07-27,,,,Domiciliary care service; Supported living service,Dementia; Learning disabilities or autistic spectrum disorder; Mental Health; Older People; Physical Disability; Sensory Impairment; Younger Adults,Y,1,1,https://www.cqc.org.uk/location/1-13634729916,www.faithandhophc.uk,2026-09-01,2026-09-02,2026-09-08,12051
1-18294169785,First Active 365 Homecare,1-17026760671,First Active 365 Homecare Limited,Birmingham,B5 4BD,2024-01-08,,,,Domiciliary care service,Children 0-18 years; Dementia; Learning disabilities or autistic spectrum disorder; Mental Health; Older People; Physical Disability; Sensory Impairment; Younger Adults,N,1,1,https://www.cqc.org.uk/location/1-18294169785,www.firstactive365.co.uk,2026-09-01,2026-09-02,2026-09-08,19694
1-8054628056,First Practice Healthcare Ltd,1-144639033,First Practice Healthcare Ltd,Birmingham,B19 3JG,2019-12-19,Requires improvement,2021-04-01,N,Domiciliary care service; Supported living service,Children 0-18 years; Dementia; Learning disabilities or autistic spectrum disorder; Mental Health; Older People; People who misuse drugs and alcohol; People with an eating disorder; Physical Disability; Sensory Impairment; Younger Adults,Y,1,1,https://www.cqc.org.uk/location/1-8054628056,,2026-09-01,2026-09-02,2026-09-08,52510
1-24139654155,Four Oaks Healthcare limited,1-1979170299,Four Oaks Healthcare Ltd,Birmingham,B24 9FD,2025-07-24,Good,2021-05-26,Y,Community health care services - Nurses Agency only; Domiciliary care service,Dementia; Learning disabilities or autistic spectrum disorder; Mental Health; Older People; Physical Disability; Sensory Impairment; Younger Adults,N,2,1,https://www.cqc.org.uk/location/1-24139654155,www.fouroakshealthcare.co.uk,2026-09-01,2026-09-02,2026-09-08,31769
1-120625798,Future Care & Support Service,1-101691942,Future Health And Social Care Association C.I.C.,Birmingham,B16 8QG,2010-12-08,Requires improvement,2019-05-08,N,Domiciliary care service; Supported living service,Children 0-18 years; Dementia; Learning disabilities or autistic spectrum disorder; Mental Health; Older People; Physical Disability; Sensory Impairment; Younger Adults,Y,1,1,https://www.cqc.org.uk/location/1-120625798,www.futurehsc.com,2026-09-01,2026-09-02,2026-09-08,5985
1-9787406861,GND Care Ltd,1-9111204325,GND Care Ltd,Birmingham,B12 9AD,2020-10-30,,,,Domiciliary care service,Dementia; Mental Health; Older People; Physical Disability; Sensory Impairment,N,1,1,https://www.cqc.org.uk/location/1-9787406861,,2026-09-01,2026-09-02,2026-09-08,54983
1-19607894572,GECKO CARE LTD,1-18225726044,Gecko Care Ltd,Birmingham,B20 2QS,2024-07-08,,,,Domiciliary care service; Supported living service,Dementia; Mental Health; Older People; People who misuse drugs and alcohol; People with an eating disorder; Physical Disability; Sensory Impairment; Younger Adults,Y,1,1,https://www.cqc.org.uk/location/1-19607894572,,2026-09-01,2026-09-02,2026-09-08,22888
1-9481783785,Generation Healthcare Limited,1-8762069415,Generation Healthcare UK Limited,Birmingham,B15 1TH,2020-09-17,,,,Domiciliary care service; Supported living service,Children 0-18 years; Dementia; Learning disabilities or autistic spectrum disorder; Mental Health; Older People; People who misuse drugs and alcohol; People with an eating disorder; Physical Disability; Sensory Impairment; Younger Adults,Y,1,1,https://www.cqc.org.uk/location/1-9481783785,www.webmail.generationhealthcare.co.uk,2026-09-01,2026-09-02,2026-09-08,54438
1-4840431805,Global Excellence Services Limited,1-2858095216,Global Excellence Services Limited,Birmingham,B18 7AF,2018-02-09,Good,2022-04-06,N,Domiciliary care service; Supported living service,Dementia; Learning disabilities or autistic spectrum disorder; Older People; Physical Disability; Younger Adults,Y,1,1,https://www.cqc.org.uk/location/1-4840431805,,2026-09-01,2026-09-02,2026-09-08,42955
1-10233651067,Goldcrest Healthcare Service (Midlands),1-3538801761,Goldcrest Healthcare Service Limited,Birmingham,B12 0DU,2021-02-03,Good,2024-02-28,N,Domiciliary care service; Supported living service,Children 0-18 years; Dementia; Learning disabilities or autistic spectrum disorder; Mental Health; Older People; Physical Disability; Sensory Impairment; Younger Adults,Y,6,2,https://www.cqc.org.uk/location/1-10233651067,www.goldcresthealthcareservice.com,2026-09-01,2026-09-02,2026-09-08,319
1-15308166952,Goldcrest Heathcare Service (Birmingham),1-3538801761,Goldcrest Healthcare Service Limited,Birmingham,B10 0NR,2023-03-28,Not Rated,,N,Domiciliary care service; Supported living service,Dementia; Learning disabilities or autistic spectrum disorder; Mental Health; Older People; Physical Disability; Younger Adults,Y,6,2,https://www.cqc.org.uk/location/1-15308166952,www.goldcresthealthcareservice.com,2026-09-01,2026-09-02,2026-09-08,15908
1-18721286859,Golden Support - Main Office,1-17188695956,Golden Support Limited,Birmingham,B23 6BG,2024-02-16,,,,Domiciliary care service; Supported living service,Dementia; Mental Health; Older People; Physical Disability; Younger Adults,Y,1,1,https://www.cqc.org.uk/location/1-18721286859,www.goldensupport.co.uk,2026-09-01,2026-09-02,2026-09-08,20351
1-17194842735,Good Shepherd Domiciliary Care,1-13925432700,Good Shepherd 4 You Ltd,Birmingham,B1 1QU,2023-10-06,,,,Domiciliary care service; Rehabilitation services; Supported living service,Dementia; Learning disabilities or autistic spectrum disorder; Mental Health; Older People; Physical Disability; Sensory Impairment; Younger Adults,Y,1,1,https://www.cqc.org.uk/location/1-17194842735,,2026-09-01,2026-09-02,2026-09-08,18173
1-2110440533,GHS - Aston,1-468860629,Graceful Healthcare Services Ltd,Birmingham,B6 4PL,2015-06-25,Requires improvement,2023-05-31,N,Domiciliary care service; Supported living service,Dementia; Learning disabilities or autistic spectrum disorder; Mental Health; Older People; Physical Disability; Sensory Impairment; Younger Adults,Y,1,1,https://www.cqc.org.uk/location/1-2110440533,www.myghs.uk,2026-09-01,2026-09-02,2026-09-08,26991
1-16420866507,Gracious Ten Healthcare LTD,1-14746176601,Gracious Ten Healthcare Ltd,Birmingham,B18 7AF,2023-06-27,,,,Domiciliary care service; Supported living service,Dementia; Learning disabilities or autistic spectrum disorder; Mental Health; Older People; Physical Disability; Younger Adults,Y,1,1,https://www.cqc.org.uk/location/1-16420866507,,2026-09-01,2026-09-02,2026-09-08,17305
1-3310949311,Ghulab Ashram,1-101653596,GreenSquareAccord Limited,Birmingham,B28 8SR,2017-03-31,Good,2018-05-31,N,Domiciliary care service; Supported living service,Dementia; Learning disabilities or autistic spectrum disorder; Mental Health; Older People; Physical Disability; Sensory Impairment,Y,7,1,https://www.cqc.org.uk/location/1-3310949311,www.greensquareaccord.co.uk,2026-09-01,2026-09-02,2026-09-08,39306
1-3102351987,Guardian Supported Living Ltd,1-3087758739,Guardian Supported Living Limited,Birmingham,B27 7YE,2017-02-03,Not Rated,,N,Domiciliary care service; Supported living service,Dementia; Learning disabilities or autistic spectrum disorder; Mental Health; Physical Disability; Sensory Impairment; Younger Adults,Y,1,1,https://www.cqc.org.uk/location/1-3102351987,www.guardiansl.com,2026-09-01,2026-09-02,2026-09-08,38634
1-23017617450,HLR 24/7 LTD BIRMINGHAM,1-21296141635,HLR 24 7 Ltd,Birmingham,B28 8AY,2025-04-30,,,,Domiciliary care service,Dementia; Older People; Physical Disability; Younger Adults,N,2,1,https://www.cqc.org.uk/location/1-23017617450,www.hlrltd.com,2026-09-01,2026-09-02,2026-09-08,30282
1-165023071,Hafod Care in the Community,1-101708686,Hafod Care Organisation Limited,Birmingham,B74 2PR,2011-03-10,Requires improvement,2021-01-06,N,Domiciliary care service,Dementia; Older People; People who misuse drugs and alcohol; Physical Disability; Sensory Impairment; Younger Adults,N,1,1,https://www.cqc.org.uk/location/1-165023071,,2026-09-01,2026-09-02,2026-09-08,17484
1-19272909269,Hamilton Wellness,1-17967272711,Hamilton Wellness Limited,Birmingham,B32 2QS,2024-07-15,,,,Domiciliary care service; Supported living service,Dementia; Older People; Physical Disability; Younger Adults,Y,1,1,https://www.cqc.org.uk/location/1-19272909269,,2026-09-01,2026-09-02,2026-09-08,21926
1-15866949068,Hand of Care Ltd,1-15010269434,Hand of Care Ltd,Birmingham,B44 0ND,2023-06-21,,,,Domiciliary care service,Dementia; Older People; Physical Disability; Sensory Impairment; Younger Adults,N,1,1,https://www.cqc.org.uk/location/1-15866949068,,2026-09-01,2026-09-02,2026-09-08,16670
1-15047592226,Happy Care Living,1-11854258778,Happy Care Living Ltd,Birmingham,B23 6TE,2023-02-20,,,,Domiciliary care service; Supported living service,Dementia; Learning disabilities or autistic spectrum disorder; Mental Health; Older People; Physical Disability; Sensory Impairment; Younger Adults,Y,1,1,https://www.cqc.org.uk/location/1-15047592226,www.happycareliving.co.uk,2026-09-01,2026-09-02,2026-09-08,15286
1-219868146,Hasbury Home Care Services Limited,1-149194294,Hasbury Home Care Services Ltd,Birmingham,B30 1DN,2011-03-22,Requires improvement,2019-09-24,N,Domiciliary care service; Supported living service,Dementia; Learning disabilities or autistic spectrum disorder; Mental Health; Older People; People who misuse drugs and alcohol; People with an eating disorder; Physical Disability; Sensory Impairment; Younger Adults,Y,1,1,https://www.cqc.org.uk/location/1-219868146,,2026-09-01,2026-09-02,2026-09-08,28417
1-1121614863,Leighton House,1-986606782,Headway Birmingham & Solihull,Birmingham,B45 9SN,2013-12-10,Good,2019-04-17,N,Domiciliary care service,Learning disabilities or autistic spectrum disorder; Physical Disability,N,1,1,https://www.cqc.org.uk/location/1-1121614863,www.headway-wm.org.uk,2026-09-01,2026-09-02,2026-09-08,2551
1-21725524987,Heaven Support Services Limited,1-16574145322,Heaven Support Services Limited,Birmingham,B23 6RS,2025-02-12,,,,Domiciliary care service; Supported living service,Children 0-18 years; Learning disabilities or autistic spectrum disorder; Mental Health; Older People; Physical Disability; Sensory Impairment; Younger Adults,Y,1,1,https://www.cqc.org.uk/location/1-21725524987,www.heavensupportservicesltd.co.uk,2026-09-01,2026-09-02,2026-09-08,27912
1-417039648,Hebe Healthcare Limited,1-403886198,Hebe Healthcare Limited,Birmingham,B17 8DP,2012-04-30,Good,2018-09-29,N,Domiciliary care service; Supported living service,Dementia; Learning disabilities or autistic spectrum disorder; Mental Health; Older People; Physical Disability; Younger Adults,Y,1,1,https://www.cqc.org.uk/location/1-417039648,,2026-09-01,2026-09-02,2026-09-08,41228
1-14540859231,Henola Care Ltd,1-11951559462,Henola Care Ltd,Birmingham,B18 6NF,2023-01-13,,,,Domiciliary care service; Supported living service,Dementia; Mental Health; Older People; Physical Disability; Sensory Impairment; Younger Adults,Y,1,1,https://www.cqc.org.uk/location/1-14540859231,www.henolacare.com,2026-09-01,2026-09-02,2026-09-08,14275
1-3618718602,Holistic Social Care Birmingham,1-1707514984,Holistic Social Care Services Ltd,Birmingham,B12 0DU,2017-05-17,Good,2019-05-14,N,Domiciliary care service,Dementia; Learning disabilities or autistic spectrum disorder; Mental Health; Older People; Physical Disability; Sensory Impairment; Younger Adults,N,3,1,https://www.cqc.org.uk/location/1-3618718602,www.holisticsocialcare.org,2026-09-01,2026-09-02,2026-09-08,39875
1-22156393048,Walfinch Sutton Coldfield,1-20708631678,Home Sweet Care Ltd,Birmingham,B75 5BT,2025-03-14,,,,Domiciliary care service,Older People; Younger Adults,N,1,1,https://www.cqc.org.uk/location/1-22156393048,www.walfinch.com/branches/sutton-coldfield,2026-09-01,2026-09-02,2026-09-08,29051
1-2255899500,Cera Birmingham North,1-184856305,Homecare4U Limited,Birmingham,B73 5TT,2015-10-16,Good,2021-07-16,N,Domiciliary care service; Extra Care housing services,Children 0-18 years; Dementia; Learning disabilities or autistic spectrum disorder; Mental Health; Older People; Physical Disability; Sensory Impairment; Younger Adults,N,4,1,https://www.cqc.org.uk/location/1-2255899500,www.homecare4u.info,2026-09-01,2026-09-02,2026-09-08,29666
1-15119779487,House of Caring Ltd,1-12923867212,House Of Caring Ltd,Birmingham,B12 0JU,2023-03-08,,,,Domiciliary care service; Supported living service,Children 0-18 years; Dementia; Older People; Physical Disability; Younger Adults,Y,2,1,https://www.cqc.org.uk/location/1-15119779487,www.houseofcaring.co.uk,2026-09-01,2026-09-02,2026-09-08,15442
1-15550434100,IHI Care Services (South Birmingham),1-169108875,IHI Care Services Limited,Birmingham,B14 7NG,2023-04-28,,,,Domiciliary care service,Dementia; Mental Health; Older People; Physical Disability; Sensory Impairment; Younger Adults,N,2,2,https://www.cqc.org.uk/location/1-15550434100,,2026-09-01,2026-09-02,2026-09-08,16331
1-356657455,IHI Care Services Limited,1-169108875,IHI Care Services Limited,Birmingham,B14 7SW,2012-02-17,Good,2022-05-10,N,Domiciliary care service,Dementia; Learning disabilities or autistic spectrum disorder; Mental Health; Older People; People with an eating disorder; Physical Disability; Sensory Impairment; Younger Adults,N,2,2,https://www.cqc.org.uk/location/1-356657455,,2026-09-01,2026-09-02,2026-09-08,39723
1-6119182031,Iconic Care Limited,1-5800081600,Iconic Care Limited,Birmingham,B45 9AH,2018-12-05,Good,2022-04-09,N,Domiciliary care service; Supported living service,Dementia; Learning disabilities or autistic spectrum disorder; Mental Health; Older People; Physical Disability; Sensory Impairment; Younger Adults,Y,1,1,https://www.cqc.org.uk/location/1-6119182031,www.iconiccare.co.uk,2026-09-01,2026-09-02,2026-09-08,49320
1-5459812347,Impacting Lives Care and Support Limited,1-5371687021,Impacting Lives Care and Support Limited,Birmingham,B42 2TX,2018-12-07,Good,2021-07-17,N,Domiciliary care service; Supported living service,Dementia; Learning disabilities or autistic spectrum disorder; Mental Health; Older People; Physical Disability; Sensory Impairment; Younger Adults,Y,1,1,https://www.cqc.org.uk/location/1-5459812347,www.impactinglivescs.co.uk,2026-09-01,2026-09-02,2026-09-08,45559
1-2280337989,Impacting Lives Limited,1-101656854,Impacting Lives Limited,Birmingham,B42 2TX,2015-11-09,Good,2019-06-07,N,Domiciliary care service; Supported living service,Learning disabilities or autistic spectrum disorder; Mental Health; Physical Disability; Younger Adults,Y,1,1,https://www.cqc.org.uk/location/1-2280337989,www.impactinglives.co.uk,2026-09-01,2026-09-02,2026-09-08,29941
1-4933444329,Inn Care Ltd,1-4361873340,Inn Care Limited,Birmingham,B10 0NR,2018-03-05,Good,2021-06-16,N,Domiciliary care service; Supported living service,Older People; Physical Disability; Younger Adults,Y,2,1,https://www.cqc.org.uk/location/1-4933444329,www.inncareservices.co.uk,2026-09-01,2026-09-02,2026-09-08,43165
1-12877967110,Innovate Domiciliary Care Ltd,1-11679485308,Innovate Domiciliary Care Ltd,Birmingham,B17 9JX,2022-04-01,,,,Domiciliary care service,Dementia; Learning disabilities or autistic spectrum disorder; Older People; Physical Disability; Younger Adults,N,1,1,https://www.cqc.org.uk/location/1-12877967110,,2026-09-01,2026-09-02,2026-09-08,9609
1-11005278255,Inspire You Care Ltd,1-4119149401,Inspire You Care Ltd,Birmingham,B16 9NX,2021-06-04,Good,2023-12-20,N,Domiciliary care service; Supported living service,Children 0-18 years; Dementia; Learning disabilities or autistic spectrum disorder; Mental Health; Older People; Physical Disability; Younger Adults,Y,1,1,https://www.cqc.org.uk/location/1-11005278255,,2026-09-01,2026-09-02,2026-09-08,1947
1-17190025195,Inventive Care Services Ltd,1-15226765160,Inventive Care Services Ltd,Birmingham,B33 9AE,2023-09-11,,,,Domiciliary care service,Older People; Younger Adults,N,1,1,https://www.cqc.org.uk/location/1-17190025195,www.inventivecareservices.co.uk,2026-09-01,2026-09-02,2026-09-08,18121
1-16954979936,Izzy Care Solutions Limited,1-15309385482,Izzy Care Solutions Ltd,Birmingham,B1 1QU,2023-08-22,,,,Domiciliary care service,Dementia; Older People; Physical Disability; Sensory Impairment; Younger Adults,N,1,1,https://www.cqc.org.uk/location/1-16954979936,,2026-09-01,2026-09-02,2026-09-08,17853
1-5398974195,Blessed Hearts Home Care,1-5061411851,JN Community Care Limited,Birmingham,B21 0AL,2018-06-26,Requires improvement,2022-02-18,N,Domiciliary care service,Children 0-18 years; Dementia; Learning disabilities or autistic spectrum disorder; Mental Health; Older People; People who misuse drugs and alcohol; People with an eating disorder; Physical Disability; Sensory Impairment; Younger Adults,N,1,1,https://www.cqc.org.uk/location/1-5398974195,www.surecare.co.uk,2026-09-01,2026-09-02,2026-09-08,44422
1-141984666,Jaffray Domicillary Care Services,1-101677850,Jaffray Care Society,Birmingham,B24 8BG,2011-01-11,Good,2019-04-13,N,Domiciliary care service; Supported living service,Learning disabilities or autistic spectrum disorder; Mental Health; Older People; Physical Disability; Sensory Impairment; Younger Adults,Y,1,1,https://www.cqc.org.uk/location/1-141984666,www.jaffraycare.com,2026-09-01,2026-09-02,2026-09-08,13463
1-15992705427,Janros Care Services Limited,1-15008315662,Janros Care Services Limited,Birmingham,B32 3HE,2023-08-01,,,,Domiciliary care service,Dementia; Mental Health; Older People; Physical Disability; Younger Adults,N,1,1,https://www.cqc.org.uk/location/1-15992705427,www.janroscare.com,2026-09-01,2026-09-02,2026-09-08,16931
1-4323018813,Jireh Homecare,1-4179112098,Jireh Homecare Limited,Birmingham,B27 7RS,2017-09-25,Good,2026-04-27,N,Domiciliary care service,Dementia; Learning disabilities or autistic spectrum disorder; Older People; Physical Disability; Sensory Impairment; Younger Adults,N,1,1,https://www.cqc.org.uk/location/1-4323018813,,2026-09-01,2026-09-02,2026-09-08,41639
1-24221293924,Jothno Care Services Ltd,1-22008172901,Jothno Care Services Ltd,Birmingham,B19 2HN,2025-07-30,,,,Domiciliary care service,Older People; Younger Adults,N,1,1,https://www.cqc.org.uk/location/1-24221293924,,2026-09-01,2026-09-02,2026-09-08,31882
1-975689896,Jubilee Citizens UK,1-203731443,Jubilee Citizens UK,Birmingham,B73 5TJ,2013-09-27,Good,2019-06-19,N,Domiciliary care service,Dementia; Older People; Physical Disability; Sensory Impairment; Younger Adults,N,1,1,https://www.cqc.org.uk/location/1-975689896,,2026-09-01,2026-09-02,2026-09-08,54919
1-2582443727,Just Call 4 Care Services,1-119231606,Just Call 4 Care Services Limited,Birmingham,B16 8QG,2016-04-18,Not Rated,,N,Domiciliary care service; Supported living service,Children 0-18 years; Dementia; Learning disabilities or autistic spectrum disorder; Mental Health; Older People; Physical Disability; Sensory Impairment; Younger Adults,Y,1,1,https://www.cqc.org.uk/location/1-2582443727,www.justcall4careservices.co.uk,2026-09-01,2026-09-02,2026-09-08,33961
1-12724732287,Knightley Homes GB LTD,1-12008937852,Knightley Homes GB Limited,Birmingham,B21 9PY,2022-03-08,,,,Domiciliary care service; Supported living service,Dementia; Learning disabilities or autistic spectrum disorder; Mental Health; Older People; Sensory Impairment; Younger Adults,Y,1,1,https://www.cqc.org.uk/location/1-12724732287,,2026-09-01,2026-09-02,2026-09-08,8997
1-19829057838,Knightley Homes TW Ltd,1-19611073149,Knightley Homes TW Ltd,Birmingham,B3 1UD,2024-07-22,,,,Domiciliary care service; Supported living service,Mental Health; People who misuse drugs and alcohol; Sensory Impairment; Younger Adults,Y,1,1,https://www.cqc.org.uk/location/1-19829057838,,2026-09-01,2026-09-02,2026-09-08,23649
1-1830121421,Knightsbridge Care Services Limited,1-1741081041,Knightsbridge Care Services Limited,Birmingham,B27 6EG,2015-01-07,Good,2021-06-16,N,Domiciliary care service; Supported living service,Dementia; Learning disabilities or autistic spectrum disorder; Mental Health; Older People; Physical Disability,Y,1,1,https://www.cqc.org.uk/location/1-1830121421,www.knightsbridgecareservices.co.uk,2026-09-01,2026-09-02,2026-09-08,19701
1-16443449688,Krystal Care Services,1-15162356722,Krystal Care Services Ltd,Birmingham,B27 7RE,2023-06-30,,,,Domiciliary care service; Supported living service,Dementia; Older People; Physical Disability; Younger Adults,Y,1,1,https://www.cqc.org.uk/location/1-16443449688,,2026-09-01,2026-09-02,2026-09-08,17375
1-1914275047,Laura Care Agency Limited,1-1837078649,Laura Care Agency Limited,Birmingham,B18 6HF,2015-02-10,Good,2019-02-12,N,Domiciliary care service,Dementia; Learning disabilities or autistic spectrum disorder; Mental Health; Older People; Physical Disability; Sensory Impairment; Younger Adults,N,1,1,https://www.cqc.org.uk/location/1-1914275047,,2026-09-01,2026-09-02,2026-09-08,21640
1-21976675702,Lexis Care Limited,1-20632175493,Lexis Care Limited,Birmingham,B23 6PA,2025-02-13,,,,Domiciliary care service,Dementia; Older People; Younger Adults,N,1,1,https://www.cqc.org.uk/location/1-21976675702,www.lexiscareltd.co.uk/,2026-09-01,2026-09-02,2026-09-08,28393
1-3706746912,Limitless Home Care,1-3679249919,Limitless Home Care Ltd,Birmingham,B73 6LP,2017-06-06,Good,2019-06-20,N,Domiciliary care service,Older People; Younger Adults,N,1,1,https://www.cqc.org.uk/location/1-3706746912,,2026-09-01,2026-09-02,2026-09-08,40115
1-17584798725,Bridging Specialist Care,1-101620407,Lindale Homes Limited,Birmingham,B27 6QG,2023-09-21,,,,Domiciliary care service,Children 0-18 years; Dementia; Mental Health; Older People; Younger Adults,N,1,1,https://www.cqc.org.uk/location/1-17584798725,www.lindale-homes.co.uk,2026-09-01,2026-09-02,2026-09-08,18565
1-1594893823,Linday Office,1-1455369981,Linday Multi Services Limited,Birmingham,B30 3QH,2014-09-03,Requires improvement,2023-04-05,N,Domiciliary care service; Supported living service,Learning disabilities or autistic spectrum disorder; Mental Health; Older People; People who misuse drugs and alcohol; Younger Adults,Y,1,1,https://www.cqc.org.uk/location/1-1594893823,www.lindaymedicareservices.com,2026-09-01,2026-09-02,2026-09-08,16828
1-6322680797,Linelife Care,1-3927372909,Linelife Care Limited,Birmingham,B12 0DU,2019-01-18,Good,2022-09-30,N,Domiciliary care service; Supported living service,Children 0-18 years; Dementia; Learning disabilities or autistic spectrum disorder; Mental Health; Older People; Physical Disability; Sensory Impairment; Younger Adults,Y,3,1,https://www.cqc.org.uk/location/1-6322680797,www.linelifecare.co.uk,2026-09-01,2026-09-02,2026-09-08,49712
1-18442860867,Living Together Healthcare Ltd,1-16889817875,Living Together Healthcare Ltd,Birmingham,B12 0NS,2024-01-15,,,,Domiciliary care service; Supported living service,Dementia; Learning disabilities or autistic spectrum disorder; Mental Health; Older People; Physical Disability; Sensory Impairment; Younger Adults,Y,1,1,https://www.cqc.org.uk/location/1-18442860867,,2026-09-01,2026-09-02,2026-09-08,20003
1-17623137726,Living Waters Healthcare Services Limited,1-14984140275,Living Waters Healthcare Services Limited,Birmingham,B45 9AH,2023-10-02,,,,Domiciliary care service,Children 0-18 years; Dementia; Learning disabilities or autistic spectrum disorder; Mental Health; Older People; Physical Disability; Sensory Impairment; Younger Adults,N,2,1,https://www.cqc.org.uk/location/1-17623137726,www.livingwatershealthcare.co.uk,2026-09-01,2026-09-02,2026-09-08,18704
1-123569636,Livingwell Care - 301 Vicarage Road,1-101683910,Livingwell Care Ltd,Birmingham,B14 7NE,2010-12-14,Good,2019-03-19,N,Domiciliary care service,Children 0-18 years; Dementia; Learning disabilities or autistic spectrum disorder; Mental Health; Older People; Physical Disability; Sensory Impairment; Younger Adults,N,1,1,https://www.cqc.org.uk/location/1-123569636,www.livingwell-care.com,2026-09-01,2026-09-02,2026-09-08,7304
1-12611688815,Luma Homecare,1-5064999004,Luma Homecare Ltd,Birmingham,B13 0RJ,2022-03-04,Requires improvement,2023-03-16,N,Domiciliary care service; Supported living service,Children 0-18 years; Dementia; Learning disabilities or autistic spectrum disorder; Older People; Physical Disability; Sensory Impairment; Younger Adults,Y,1,1,https://www.cqc.org.uk/location/1-12611688815,,2026-09-01,2026-09-02,2026-09-08,8498
1-27095662090,Luxuricare Ltd,1-25072827933,Luxuricare Ltd,Birmingham,B45 9AH,2026-03-16,,,,Domiciliary care service,Dementia; Mental Health; Older People; Physical Disability; Younger Adults,N,1,1,https://www.cqc.org.uk/location/1-27095662090,www.luxuricare.com,2026-09-01,2026-09-02,2026-09-08,35598
1-1303427504,Clover Care,1-164737499,Lynncare 2000 Limited,Birmingham,B34 7RD,2014-04-28,Good,2019-04-13,N,Domiciliary care service; Supported living service,Learning disabilities or autistic spectrum disorder; Mental Health; Older People; Younger Adults,Y,1,1,https://www.cqc.org.uk/location/1-1303427504,,2026-09-01,2026-09-02,2026-09-08,10203
1-15885992116,MA Care (Bham) Limited,1-13937822405,M A Care (Bham) Limited,Birmingham,B18 6DA,2023-06-30,,,,Domiciliary care service; Supported living service,Dementia; Mental Health; Older People; Physical Disability; Younger Adults,Y,1,1,https://www.cqc.org.uk/location/1-15885992116,www.ma-carebhamltd.co.uk,2026-09-01,2026-09-02,2026-09-08,16712
1-22162204045,MD Care and Support Ltd,1-20711335169,MD Care and Support Ltd,Birmingham,B3 1HL,2025-04-04,,,,Domiciliary care service,Dementia; Older People; Physical Disability; Younger Adults,N,1,1,https://www.cqc.org.uk/location/1-22162204045,www.prettyarmscare.co.uk/,2026-09-01,2026-09-02,2026-09-08,29283
1-12212940780,MH Quality Care Ltd,1-10801404236,MH Quality Care Ltd,Birmingham,B8 2AH,2021-12-16,Not Rated,,N,Domiciliary care service; Supported living service,Children 0-18 years; Dementia; Learning disabilities or autistic spectrum disorder; Mental Health; Older People; People with an eating disorder; Physical Disability; Sensory Impairment; Younger Adults,Y,1,1,https://www.cqc.org.uk/location/1-12212940780,,2026-09-01,2026-09-02,2026-09-08,6718
1-24208834549,MJ Assessments Supported Housing,1-20632975207,MJ Assessments Ltd,Birmingham,B15 1TR,2026-01-20,,,,Domiciliary care service; Supported living service,Mental Health; Older People; Physical Disability; Sensory Impairment; Younger Adults,Y,1,1,https://www.cqc.org.uk/location/1-24208834549,www.mjsh.co.uk,2026-09-01,2026-09-02,2026-09-08,31858
1-25556161312,Walfinch Birmingham South,1-24113089271,MSR Homecare Birmingham Limited,Birmingham,B45 9AH,2025-11-13,,,,Domiciliary care service,Older People; Younger Adults,N,1,1,https://www.cqc.org.uk/location/1-25556161312,www.walfinch.com/branches/birmingham-south,2026-09-01,2026-09-02,2026-09-08,33624
1-1554953672,Mach Care Solutions (Birmingham),1-347932181,Mach Care Solutions Limited,Birmingham,B27 6QT,2014-07-30,Good,2025-11-07,N,Domiciliary care service,Children 0-18 years; Dementia; Learning disabilities or autistic spectrum disorder; Mental Health; Older People; Physical Disability; Sensory Impairment; Younger Adults,N,1,1,https://www.cqc.org.uk/location/1-1554953672,www.machcaresolutions.co.uk,2026-09-01,2026-09-02,2026-09-08,16328
1-122921933,Home Instead Birmingham,1-117003365,Maranatha Healthcare Ltd,Birmingham,B16 8PF,2010-12-14,Good,2020-01-15,N,Domiciliary care service,Dementia; Learning disabilities or autistic spectrum disorder; Mental Health; Older People; Physical Disability; Sensory Impairment; Younger Adults,N,1,1,https://www.cqc.org.uk/location/1-122921933,www.homeinstead.co.uk,2026-09-01,2026-09-02,2026-09-08,7099
1-4066276350,M&N Healthcare Edgbaston,1-3749074075,Mariana Njie Limited,Birmingham,B3 3RB,2017-07-20,Good,2023-05-19,N,Domiciliary care service,Dementia; Learning disabilities or autistic spectrum disorder; Mental Health; Older People; People who misuse drugs and alcohol; Sensory Impairment; Younger Adults,N,1,1,https://www.cqc.org.uk/location/1-4066276350,www.mandnhealthcare.com,2026-09-01,2026-09-02,2026-09-08,40958
1-22160077948,Mashan Ltd,1-21252621114,Mashan Ltd,Birmingham,B31 1TU,2025-03-27,,,,Domiciliary care service,Older People; People with an eating disorder; Younger Adults,N,1,1,https://www.cqc.org.uk/location/1-22160077948,www.mashanltd.co,2026-09-01,2026-09-02,2026-09-08,29200
1-2299005954,Mcare24 Limited,1-2120399155,Mcare24 Limited,Birmingham,B38 9LR,2015-11-12,Requires improvement,2024-03-23,N,Domiciliary care service; Supported living service,Dementia; Learning disabilities or autistic spectrum disorder; Mental Health; Older People; Physical Disability; Sensory Impairment; Younger Adults,Y,1,1,https://www.cqc.org.uk/location/1-2299005954,www.mcare.co.uk,2026-09-01,2026-09-02,2026-09-08,30200
1-435362095,Proactive Life Midlands,1-413158984,Med Care Home Services Limited,Birmingham,B18 5NE,2012-06-20,Good,2021-06-29,N,Domiciliary care service; Rehabilitation services; Supported living service,Learning disabilities or autistic spectrum disorder; Mental Health; Older People; Younger Adults,Y,2,1,https://www.cqc.org.uk/location/1-435362095,,2026-09-01,2026-09-02,2026-09-08,41729
1-12959145803,Quadrant Court,1-12521672757,Melru Healthcare Limited,Birmingham,B15 1TH,2022-06-22,,,,Domiciliary care service; Supported living service,Mental Health; Older People; Physical Disability; Sensory Impairment; Younger Adults,Y,1,1,https://www.cqc.org.uk/location/1-12959145803,www.melruhealthcare.co.uk,2026-09-01,2026-09-02,2026-09-08,9978
1-12142386437,Cobalt Square,1-11884475456,Mid-View Healthcare Ltd,Birmingham,B16 8QG,2021-12-19,,,,Domiciliary care service; Supported living service,Learning disabilities or autistic spectrum disorder,Y,1,1,https://www.cqc.org.uk/location/1-12142386437,www.mid-viewhealthcare.co.uk,2026-09-01,2026-09-02,2026-09-08,6316
1-469910143,Midland Care (UK) Ltd,1-461448201,Midland Care (UK) Ltd,Birmingham,B11 4EH,2012-09-11,Outstanding,2019-08-30,N,Domiciliary care service,Dementia; Learning disabilities or autistic spectrum disorder; Physical Disability; Younger Adults,N,1,1,https://www.cqc.org.uk/location/1-469910143,www.midlandcareuk.com,2026-09-01,2026-09-02,2026-09-08,42619
1-2257875795,Midland Care Support & Enablement Ltd,1-2197935584,Midland Care Support & Enablement Ltd,Birmingham,B24 9QR,2015-10-16,Good,2019-09-20,N,Domiciliary care service,Children 0-18 years; Dementia; Learning disabilities or autistic spectrum disorder; Mental Health; Older People; Physical Disability; Sensory Impairment; Younger Adults,N,1,1,https://www.cqc.org.uk/location/1-2257875795,www.shapcotts-acountants.co.uk,2026-09-01,2026-09-02,2026-09-08,29676
1-684878006,Midland Mencap,1-101653605,Midland Mencap,Birmingham,B32 3BZ,2013-04-18,Good,2019-04-26,N,Domiciliary care service; Supported living service,Children 0-18 years; Dementia; Learning disabilities or autistic spectrum disorder; Mental Health; Older People; People who misuse drugs and alcohol; People with an eating disorder; Physical Disability; Sensory Impairment; Younger Adults,Y,1,1,https://www.cqc.org.uk/location/1-684878006,www.midlandmencap.org.uk,2026-09-01,2026-09-02,2026-09-08,50701
1-4590773082,Midlands Medicare Agency Ltd,1-4065943094,Midlands Medicare Agency Ltd,Birmingham,B12 0NL,2018-01-17,Good,2019-04-13,N,Domiciliary care service; Supported living service,Dementia; Learning disabilities or autistic spectrum disorder; Mental Health; Older People; Physical Disability; Sensory Impairment; Younger Adults,Y,1,1,https://www.cqc.org.uk/location/1-4590773082,www.midlandsmedicareagency.co.uk,2026-09-01,2026-09-02,2026-09-08,42364
1-10536207398,Helping Hands Sutton Coldfield,1-101671690,Midshires Care Limited,Birmingham,B72 1QF,2021-03-15,Good,2019-10-05,Y,Domiciliary care service,Dementia; Learning disabilities or autistic spectrum disorder; Older People; Physical Disability; Sensory Impairment; Younger Adults,N,150,3,https://www.cqc.org.uk/location/1-10536207398,www.helpinghandshomecare.co.uk,2026-09-01,2026-09-02,2026-09-08,848
1-6271803442,Helping Hands Birmingham,1-101671690,Midshires Care Limited,Birmingham,B17 9PP,2019-04-11,Good,2021-05-21,N,Domiciliary care service,Dementia; Older People; Physical Disability; Sensory Impairment; Younger Adults,N,150,3,https://www.cqc.org.uk/location/1-6271803442,www.helpinghandshomecare.co.uk,2026-09-01,2026-09-02,2026-09-08,49576
1-2844873864,Midway Supported Services Warwickshire,1-101693191,Midway Care Ltd,Birmingham,B27 6RT,2016-09-10,Not Rated,,N,Domiciliary care service; Supported living service,Learning disabilities or autistic spectrum disorder; Mental Health; Physical Disability; Sensory Impairment; Younger Adults,Y,3,1,https://www.cqc.org.uk/location/1-2844873864,www.midwaycaregroup.co.uk,2026-09-01,2026-09-02,2026-09-08,37031
1-16413487310,MHC Nursing and Care Services,1-14962476049,Mineral Healthcare Limited,Birmingham,B31 2TS,2023-06-28,,,,Community healthcare service; Domiciliary care service; Supported living service,Dementia; Learning disabilities or autistic spectrum disorder; Mental Health; Older People; Physical Disability; Sensory Impairment; Younger Adults,Y,1,1,https://www.cqc.org.uk/location/1-16413487310,www.mineralhealthcare.co.uk,2026-09-01,2026-09-02,2026-09-08,17292
1-2694955657,Cayon Care Service,1-101709530,Miss Petronella Manners,Birmingham,B45 9AH,2016-06-07,Good,2019-04-24,N,Domiciliary care service,Dementia; Older People; Physical Disability,N,1,1,https://www.cqc.org.uk/location/1-2694955657,,2026-09-01,2026-09-02,2026-09-08,35420
1-22950841428,Morgann Social Care Ltd,1-18197606081,Morgann Social Care Ltd,Birmingham,B45 9AH,2025-04-29,,,,Domiciliary care service,Dementia; Older People; Physical Disability; Younger Adults,N,1,1,https://www.cqc.org.uk/location/1-22950841428,www.morgann.org,2026-09-01,2026-09-02,2026-09-08,30153
1-2041181060,Excellence Healthcare,1-1994664093,Mr Adekunle Abayomi Kalejaiye,Birmingham,B11 2AA,2015-06-11,Requires improvement,2026-03-03,N,Domiciliary care service,Dementia; Learning disabilities or autistic spectrum disorder; Older People; Physical Disability; Sensory Impairment; Younger Adults,N,1,1,https://www.cqc.org.uk/location/1-2041181060,www.excellencehealthcare.co.uk,2026-09-01,2026-09-02,2026-09-08,26086
1-131393780,One Stop Care Solution,1-101722088,Mr Amroz Khan,Birmingham,B20 3JQ,2010-12-23,Good,2019-06-26,N,Domiciliary care service,Dementia; Learning disabilities or autistic spectrum disorder; Mental Health; Older People; Physical Disability; Sensory Impairment,N,1,1,https://www.cqc.org.uk/location/1-131393780,www.onestopcaresolution.co.uk,2026-09-01,2026-09-02,2026-09-08,10535
1-10432063961,Nexus Care Services,1-2896285408,Mr John Court,Birmingham,B74 2LZ,2021-02-22,Good,2023-03-14,N,Domiciliary care service,Children 0-18 years; Dementia; Older People; Physical Disability; Younger Adults,N,1,1,https://www.cqc.org.uk/location/1-10432063961,www.nexuscareservices.co.uk,2026-09-01,2026-09-02,2026-09-08,633
1-10649953173,Mulbury Care Services Limited,1-9774166358,Mulbury Care Services Limited,Birmingham,B28 8JG,2021-04-20,Good,2022-08-13,N,Domiciliary care service; Supported living service,Dementia; Learning disabilities or autistic spectrum disorder; Mental Health; Older People; People who misuse drugs and alcohol; Physical Disability; Younger Adults,Y,1,1,https://www.cqc.org.uk/location/1-10649953173,,2026-09-01,2026-09-02,2026-09-08,1080
1-10530951539,Multicare Group Ltd,1-9654187694,Multicare Group Ltd,Birmingham,B28 9HH,2021-04-06,,,,Domiciliary care service; Supported living service,Dementia; Older People; Physical Disability; Sensory Impairment; Younger Adults,Y,1,1,https://www.cqc.org.uk/location/1-10530951539,www.multicaregroup.co.uk,2026-09-01,2026-09-02,2026-09-08,837
1-16487698296,Muve Homecare Birmingham,1-16323586426,Muve Healthcare Ltd,Birmingham,B6 5RQ,2023-07-17,,,,Domiciliary care service,Children 0-18 years; Learning disabilities or autistic spectrum disorder; Mental Health; Older People; Younger Adults,N,2,1,https://www.cqc.org.uk/location/1-16487698296,www.muvehomecare.com,2026-09-01,2026-09-02,2026-09-08,17455
1-10437669514,NDH Care (LEICESTER),1-1983604499,NDH Care Ltd,Birmingham,B12 0NL,2021-02-26,Good,2023-01-25,N,Domiciliary care service; Supported living service,Dementia; Learning disabilities or autistic spectrum disorder; Mental Health; Older People; People who misuse drugs and alcohol; People with an eating disorder; Physical Disability; Sensory Impairment; Younger Adults,Y,3,2,https://www.cqc.org.uk/location/1-10437669514,,2026-09-01,2026-09-02,2026-09-08,639
1-2054699466,NDH Care Ltd,1-1983604499,NDH Care Ltd,Birmingham,B12 0NL,2015-05-07,Requires improvement,2023-08-10,N,Domiciliary care service; Supported living service,Dementia; Learning disabilities or autistic spectrum disorder; Mental Health; Older People; People who misuse drugs and alcohol; People with an eating disorder; Physical Disability; Sensory Impairment; Younger Adults,Y,3,2,https://www.cqc.org.uk/location/1-2054699466,,2026-09-01,2026-09-02,2026-09-08,26220
1-10477635417,Nationwide Care Services (Northfield),1-101640704,Nationwide Care Services Ltd,Birmingham,B31 3AU,2021-03-05,Good,2025-07-23,N,Domiciliary care service,Dementia; Older People; Younger Adults,N,5,3,https://www.cqc.org.uk/location/1-10477635417,www.nationwidecare.org,2026-09-01,2026-09-02,2026-09-08,702
1-1468818119,Nationwide Care Services Limited (Birmingham and Solihull),1-101640704,Nationwide Care Services Ltd,Birmingham,B25 8EP,2014-06-11,Good,2019-10-02,N,Domiciliary care service; Supported living service,Children 0-18 years; Dementia; Learning disabilities or autistic spectrum disorder; Mental Health; Physical Disability; Sensory Impairment; Younger Adults,Y,5,3,https://www.cqc.org.uk/location/1-1468818119,www.nationwidecare.org,2026-09-01,2026-09-02,2026-09-08,14557
1-3959898570,Nationwide Care Services (Erdington),1-101640704,Nationwide Care Services Ltd,Birmingham,B23 5TE,2017-07-20,Good,2019-03-14,N,Domiciliary care service; Supported living service,Children 0-18 years; Dementia; Mental Health; Older People; Physical Disability; Sensory Impairment; Younger Adults,Y,5,3,https://www.cqc.org.uk/location/1-3959898570,www.nationwidecare.org,2026-09-01,2026-09-02,2026-09-08,40690
1-13928160047,Neo Community Services,1-9588001079,Neo Community Services,Birmingham,B11 2AA,2022-09-14,Not Rated,,N,Domiciliary care service; Supported living service,Children 0-18 years; Learning disabilities or autistic spectrum disorder; Older People; People who misuse drugs and alcohol; Physical Disability; Younger Adults,Y,1,1,https://www.cqc.org.uk/location/1-13928160047,www.neocommunityservices.co.uk,2026-09-01,2026-09-02,2026-09-08,12783
1-18736752790,New Era Care Solutions - Main Office,1-17193919425,New Era Care Solutions Ltd,Birmingham,B45 9AH,2024-02-15,,,,Domiciliary care service; Supported living service,Children 0-18 years; Dementia; Mental Health; Older People; People who misuse drugs and alcohol; People with an eating disorder; Physical Disability; Sensory Impairment; Younger Adults,Y,1,1,https://www.cqc.org.uk/location/1-18736752790,,2026-09-01,2026-09-02,2026-09-08,20393
1-12560780076,Home Heroes,1-101653525,New Outlook Housing Association Limited,Birmingham,B17 9AP,2022-02-22,Good,2018-11-10,Y,Domiciliary care service; Supported living service,Dementia; Learning disabilities or autistic spectrum disorder; Mental Health; Older People; Physical Disability; Sensory Impairment; Younger Adults,Y,1,1,https://www.cqc.org.uk/location/1-12560780076,www.newoutlookha.org,2026-09-01,2026-09-02,2026-09-08,8147
1-19896780355,OHGB Ltd,1-18737463042,OHGB Ltd,Birmingham,B16 8QG,2024-09-26,,,,Domiciliary care service; Supported living service,Dementia; Mental Health; Older People; Physical Disability; Sensory Impairment; Younger Adults,Y,1,1,https://www.cqc.org.uk/location/1-19896780355,,2026-09-01,2026-09-02,2026-09-08,24537
1-9068205346,Obatos Care Services Limited,1-8546758068,Obatos Care Services Limited,Birmingham,B18 6BA,2020-06-18,Requires improvement,2022-03-24,N,Domiciliary care service; Supported living service,Dementia; Learning disabilities or autistic spectrum disorder; Mental Health; Older People; Physical Disability; Younger Adults,Y,2,1,https://www.cqc.org.uk/location/1-9068205346,www.obatocareservices.co.uk,2026-09-01,2026-09-02,2026-09-08,53782
1-2128040235,Oceans Care Services Limited,1-1643799468,Oceans Care Services Ltd,Birmingham,B16 9NX,2015-07-20,Good,2018-09-14,N,Community health care services - Nurses Agency only; Domiciliary care service; Supported living service,Dementia; Learning disabilities or autistic spectrum disorder; Mental Health; Older People; Physical Disability; Younger Adults,Y,1,1,https://www.cqc.org.uk/location/1-2128040235,www.oceanscare.co.uk,2026-09-01,2026-09-02,2026-09-08,27225
1-13059199589,Omnia Support Limited (Northfield),1-130858161,Omnia Support Limited,Birmingham,B31 2NQ,2022-05-04,Good,2019-10-12,Y,Domiciliary care service,Dementia; Learning disabilities or autistic spectrum disorder; Mental Health; Older People; Physical Disability; Sensory Impairment; Younger Adults,N,2,2,https://www.cqc.org.uk/location/1-13059199589,,2026-09-01,2026-09-02,2026-09-08,10340
1-9407249785,Orchid Supported Living - Birmingham,1-8777158789,Orchid Supported Living Limited,Birmingham,B11 2AA,2020-08-27,Good,2022-02-19,N,Domiciliary care service; Supported living service,Mental Health; Younger Adults,Y,1,1,https://www.cqc.org.uk/location/1-9407249785,www.orchidsl.co.uk,2026-09-01,2026-09-02,2026-09-08,54349
1-18480814981,Orcone Care Ltd,1-9151892805,Orcone Care Ltd,Birmingham,B20 3DE,2024-01-23,,,,Domiciliary care service; Supported living service,Dementia; Older People; Physical Disability; Younger Adults,Y,1,1,https://www.cqc.org.uk/location/1-18480814981,www.orconecare.com,2026-09-01,2026-09-02,2026-09-08,20077
1-29000938515,Oria Care Ltd,1-17971680520,Oria Care Ltd,Birmingham,B1 2JB,2026-07-27,,,,Domiciliary care service,Children 0-18 years; Dementia; Older People; Physical Disability; Sensory Impairment; Younger Adults,N,2,1,https://www.cqc.org.uk/location/1-29000938515,www.oria.care,2026-09-01,2026-09-02,2026-09-08,37630
1-13943736517,Orion Healthcare Solutions Ltd,1-13625292220,Orion Healthcare Solutions Ltd,Birmingham,B45 9AH,2022-10-05,,,,Domiciliary care service,Dementia; Older People; Physical Disability; Sensory Impairment; Younger Adults,N,1,1,https://www.cqc.org.uk/location/1-13943736517,,2026-09-01,2026-09-02,2026-09-08,12958
1-3769281126,Otang Care Limited,1-3745359990,Otang Care Limited,Birmingham,B23 6BG,2017-06-12,Good,2021-07-10,N,Domiciliary care service; Supported living service,Dementia; Learning disabilities or autistic spectrum disorder; Mental Health; Older People; Physical Disability; Younger Adults,Y,1,1,https://www.cqc.org.uk/location/1-3769281126,www.otangcare.co.uk,2026-09-01,2026-09-02,2026-09-08,40247
1-2344486531,PBL Care Limited,1-2034431617,PBL Care Limited,Birmingham,B12 0QR,2015-12-21,Good,2019-03-27,N,Domiciliary care service; Supported living service,Children 0-18 years; Dementia; Learning disabilities or autistic spectrum disorder; Mental Health; Older People; People who misuse drugs and alcohol; People with an eating disorder; Physical Disability; Sensory Impairment; Younger Adults,Y,1,1,https://www.cqc.org.uk/location/1-2344486531,,2026-09-01,2026-09-02,2026-09-08,30899
1-8326168146,PSA Home Care Ltd,1-7264530439,PSA Home Care Ltd,Birmingham,B29 6QL,2020-02-05,Good,2024-12-19,N,Domiciliary care service,Dementia; Mental Health; Older People; People with an eating disorder; Physical Disability; Sensory Impairment; Younger Adults,N,1,1,https://www.cqc.org.uk/location/1-8326168146,www.psahomecare.co.uk,2026-09-01,2026-09-02,2026-09-08,52759
1-7089203561,Passion 4 Care,1-6483664332,Passion 4 Care Ltd,Birmingham,B23 6UG,2019-06-28,Requires improvement,2022-06-01,N,Domiciliary care service; Supported living service,Children 0-18 years; Dementia; Learning disabilities or autistic spectrum disorder; Mental Health; Older People; Physical Disability; Sensory Impairment; Younger Adults,Y,2,1,https://www.cqc.org.uk/location/1-7089203561,www.passion4care.co.uk,2026-09-01,2026-09-02,2026-09-08,51075
1-6401041158,Peacocks Care Services Limited,1-6064199460,Peacocks Care Services Ltd,Birmingham,B12 0LD,2019-04-08,Requires improvement,2020-03-25,N,Domiciliary care service,Dementia; Mental Health; Older People; Physical Disability; Younger Adults,N,1,1,https://www.cqc.org.uk/location/1-6401041158,,2026-09-01,2026-09-02,2026-09-08,49890
1-25872774764,Pharos Supported Services Central,1-101649312,Pharos Care Limited,Birmingham,B27 6RT,2026-01-07,,,,Domiciliary care service; Supported living service,Learning disabilities or autistic spectrum disorder; Mental Health; Older People; Physical Disability; Sensory Impairment; Younger Adults,Y,3,2,https://www.cqc.org.uk/location/1-25872774764,www.midwaycaregroup.co.uk,2026-09-01,2026-09-02,2026-09-08,34085
1-588159967,Pharos Black Country,1-101649312,Pharos Care Limited,Birmingham,B27 6RT,2013-01-21,Not Rated,,N,Domiciliary care service; Supported living service,Children 0-18 years; Learning disabilities or autistic spectrum disorder; Mental Health; Younger Adults,Y,3,2,https://www.cqc.org.uk/location/1-588159967,www.midwaycaregroup.co.uk,2026-09-01,2026-09-02,2026-09-08,48851
1-8366376267,Phemacare Ltd,1-238349478,Phemacare Ltd,Birmingham,B32 2AL,2020-02-12,Requires improvement,2023-05-31,N,Domiciliary care service,Dementia; Learning disabilities or autistic spectrum disorder; Mental Health; Older People; People who misuse drugs and alcohol; People with an eating disorder; Physical Disability; Sensory Impairment; Younger Adults,N,3,1,https://www.cqc.org.uk/location/1-8366376267,www.phemacare.com,2026-09-01,2026-09-02,2026-09-08,52804
1-4247041385,Precious Homes Birmingham,1-101669587,Precious Homes Limited,Birmingham,B14 7AP,2017-10-18,Requires improvement,2021-01-13,N,Domiciliary care service; Supported living service,Learning disabilities or autistic spectrum disorder; Mental Health; Younger Adults,Y,6,1,https://www.cqc.org.uk/location/1-4247041385,www.precious-homes.com,2026-09-01,2026-09-02,2026-09-08,41462
1-340793978,Premium Community Care Ltd,1-327051192,Premium Community Care Ltd,Birmingham,B25 8UR,2011-11-23,Good,2019-04-04,N,Domiciliary care service,Dementia; Older People; People who misuse drugs and alcohol; Physical Disability; Sensory Impairment,N,1,1,https://www.cqc.org.uk/location/1-340793978,,2026-09-01,2026-09-02,2026-09-08,39411
1-14157686989,Prime Way Care Ltd Birmingham,1-2018820484,Prime Way Care Ltd,Birmingham,B11 2AA,2022-10-18,,,,Domiciliary care service,Dementia; Mental Health; Older People; People who misuse drugs and alcohol; People with an eating disorder; Physical Disability; Sensory Impairment; Younger Adults,N,7,1,https://www.cqc.org.uk/location/1-14157686989,www.primewaycare.com,2026-09-01,2026-09-02,2026-09-08,13354
1-3129466975,Primera Assisted Living Limited,1-939458687,Primera Assisted Living Limited,Birmingham,B23 5TE,2016-12-06,Good,2019-05-21,N,Domiciliary care service,Children 0-18 years; Dementia; Learning disabilities or autistic spectrum disorder; Mental Health; Older People; Physical Disability; Sensory Impairment; Younger Adults,N,2,1,https://www.cqc.org.uk/location/1-3129466975,www.primerahealthcare.co.uk,2026-09-01,2026-09-02,2026-09-08,38764
1-2442393619,Priority Plus Ltd,1-192459822,Priority Plus Limited,Birmingham,B26 3NW,2016-02-01,Good,2019-12-05,N,Domiciliary care service; Supported living service,Children 0-18 years; Dementia; Learning disabilities or autistic spectrum disorder; Mental Health; Older People; People with an eating disorder; Physical Disability; Sensory Impairment; Younger Adults,Y,2,1,https://www.cqc.org.uk/location/1-2442393619,www.priorityplusnursing.co.uk,2026-09-01,2026-09-02,2026-09-08,32169
1-18392548723,Priory Care Ltd,1-17130856995,Priory Care Ltd,Birmingham,B10 0HJ,2024-03-15,,,,Domiciliary care service,Dementia; Mental Health; Older People; Physical Disability; Sensory Impairment; Younger Adults,N,1,1,https://www.cqc.org.uk/location/1-18392548723,www.priorycare.co.uk,2026-09-01,2026-09-02,2026-09-08,19956
1-113482884,Proline Care Limited,1-101675549,Proline Care Limited,Birmingham,B2 4EU,2011-02-03,Requires improvement,2020-01-22,N,Domiciliary care service,Dementia; Learning disabilities or autistic spectrum disorder; Mental Health; Older People; Physical Disability; Sensory Impairment; Younger Adults,N,1,1,https://www.cqc.org.uk/location/1-113482884,www.proline.org.uk,2026-09-01,2026-09-02,2026-09-08,3022
1-10217283308,Pure Care Support Birmingham,1-117003246,Pure Care Support Limited,Birmingham,B15 3ES,2021-01-19,Good,2019-05-08,Y,Domiciliary care service,Children 0-18 years; Dementia; Learning disabilities or autistic spectrum disorder; Mental Health; Older People; People with an eating disorder; Physical Disability; Sensory Impairment; Younger Adults,N,3,1,https://www.cqc.org.uk/location/1-10217283308,www.homeinstead.co.uk,2026-09-01,2026-09-02,2026-09-08,298
1-13586930697,QUALITY LIVING CARE LIMITED,1-13239091499,Quality Living Care Limited,Birmingham,B20 1JA,2022-09-23,Inadequate,2026-03-18,N,Domiciliary care service,Dementia; Mental Health; Older People; Physical Disability; Younger Adults,N,1,1,https://www.cqc.org.uk/location/1-13586930697,www.qualitylivingcare.co.uk,2026-09-01,2026-09-02,2026-09-08,11900
1-6923684250,Queensway Homes Ltd,1-5926903106,Queensway Homes Ltd,Birmingham,B30 2BT,2019-05-24,Good,2022-04-30,N,Domiciliary care service; Supported living service,Learning disabilities or autistic spectrum disorder; Mental Health; Older People; Physical Disability; Younger Adults,Y,1,1,https://www.cqc.org.uk/location/1-6923684250,www.ncpconsultancy.com,2026-09-01,2026-09-02,2026-09-08,50835
1-19881569785,Bluebird Care (Sutton Coldfield & Birmingham East),1-119231138,R D (Bromsgrove) Limited,Birmingham,B35 6LJ,2024-09-11,,,,Domiciliary care service,Dementia; Mental Health; Older People; Physical Disability; Sensory Impairment; Younger Adults,N,2,1,https://www.cqc.org.uk/location/1-19881569785,www.bluebirdcare.co.uk,2026-09-01,2026-09-02,2026-09-08,23962
1-5518575057,Radiant 247 Ltd,1-5286447707,Radiant 247 Limited,Birmingham,B26 3NW,2018-07-25,Good,2019-08-30,N,Domiciliary care service; Supported living service,Dementia; Learning disabilities or autistic spectrum disorder; Mental Health; Older People; People with an eating disorder; Physical Disability; Sensory Impairment; Younger Adults,Y,1,1,https://www.cqc.org.uk/location/1-5518575057,www.radiant247.co.uk,2026-09-01,2026-09-02,2026-09-08,46390
1-19897193748,Rainbow Quality Care Ltd,1-15234870800,Rainbow Quality Care Ltd,Birmingham,B18 6DA,2024-09-26,,,,Domiciliary care service,Older People; Younger Adults,N,1,1,https://www.cqc.org.uk/location/1-19897193748,,2026-09-01,2026-09-02,2026-09-08,24620
1-11680091646,Ray of Sunshine Care Ltd,1-10292353525,Ray of Sunshine Care Ltd,Birmingham,B44 0RT,2021-09-21,Good,2024-01-05,N,Domiciliary care service,Dementia; Mental Health; Older People; Physical Disability; Younger Adults,N,1,1,https://www.cqc.org.uk/location/1-11680091646,www.rayofsunshinecare.co.uk/,2026-09-01,2026-09-02,2026-09-08,4140
1-16969722386,Reignite Care Ltd,1-15976634088,Reignite Care Ltd,Birmingham,B16 9NX,2023-10-03,,,,Domiciliary care service,Dementia; Mental Health; Older People; Physical Disability; Younger Adults,N,1,1,https://www.cqc.org.uk/location/1-16969722386,,2026-09-01,2026-09-02,2026-09-08,17875
1-12149553949,Relax Care Limited,1-11391816618,Relax Care Limited,Birmingham,B19 2AB,2021-12-22,,,,Domiciliary care service; Supported living service,Children 0-18 years; Learning disabilities or autistic spectrum disorder; Mental Health; Older People; Younger Adults,Y,1,1,https://www.cqc.org.uk/location/1-12149553949,www.relaxcare.co.uk,2026-09-01,2026-09-02,2026-09-08,6367
1-252229578,Reliance Care Solutions Limited,1-218226029,Reliance Care Solutions Limited,Birmingham,B11 2AB,2011-06-02,Requires improvement,2020-03-11,N,Domiciliary care service,Dementia; Learning disabilities or autistic spectrum disorder; Mental Health; Older People; People who misuse drugs and alcohol; People with an eating disorder; Physical Disability; Sensory Impairment; Younger Adults,N,1,1,https://www.cqc.org.uk/location/1-252229578,,2026-09-01,2026-09-02,2026-09-08,33225
1-2630308495,Tripple Tee Ltd,1-2399697228,Reliant Angel Care Ltd,Birmingham,B23 6EU,2016-07-13,Good,2022-04-14,N,Domiciliary care service; Supported living service,Dementia; Learning disabilities or autistic spectrum disorder; Mental Health; Older People; People with an eating disorder; Physical Disability; Sensory Impairment; Younger Adults,Y,1,1,https://www.cqc.org.uk/location/1-2630308495,,2026-09-01,2026-09-02,2026-09-08,34553
1-7374590713,Resjes Ltd,1-6870033440,Resjes Ltd,Birmingham,B15 3BE,2019-08-20,Requires improvement,2021-06-12,N,Domiciliary care service; Supported living service,Dementia; Learning disabilities or autistic spectrum disorder; Mental Health; Older People; Physical Disability,Y,1,1,https://www.cqc.org.uk/location/1-7374590713,www.resjescare.co.uk,2026-09-01,2026-09-02,2026-09-08,51528
1-13939954343,Revolutionary Quality Care Solutions Ltd,1-13499286155,Revolutionary Quality Care Solutions Ltd,Birmingham,B15 1TH,2022-09-25,,,,Domiciliary care service,Dementia; Older People; Physical Disability; Younger Adults,N,1,1,https://www.cqc.org.uk/location/1-13939954343,,2026-09-01,2026-09-02,2026-09-08,12923
1-14595644762,Rhesus Care Ltd,1-13945665740,Rhesus Care Ltd,Birmingham,B7 5AR,2022-12-18,Not Rated,,N,Domiciliary care service; Supported living service,Older People; Younger Adults,Y,2,1,https://www.cqc.org.uk/location/1-14595644762,,2026-09-01,2026-09-02,2026-09-08,14408
1-4591424497,Right Trust Care Ltd,1-4499865403,Right Trust Care Ltd,Birmingham,B31 2RT,2018-01-17,Requires improvement,2021-01-29,N,Domiciliary care service,Dementia; Older People; People who misuse drugs and alcohol; Physical Disability; Younger Adults,N,1,1,https://www.cqc.org.uk/location/1-4591424497,www.right-trust-care.co.uk,2026-09-01,2026-09-02,2026-09-08,42379
1-5832715423,River Of Care Ltd,1-5536577904,River of Care Ltd,Birmingham,B44 8NH,2018-10-02,Good,2019-11-15,N,Community healthcare service; Domiciliary care service; Supported living service,Children 0-18 years; Dementia; Learning disabilities or autistic spectrum disorder; Mental Health; Older People; People with an eating disorder; Physical Disability; Sensory Impairment; Younger Adults,Y,1,1,https://www.cqc.org.uk/location/1-5832715423,,2026-09-01,2026-09-02,2026-09-08,48578
1-16385677861,Romeo Care Service Ltd,1-15472971745,Romeo Care Service Ltd,Birmingham,B31 5RH,2023-06-27,,,,Domiciliary care service; Supported living service,Dementia; Mental Health; Older People; People with an eating disorder; Physical Disability; Sensory Impairment; Younger Adults,Y,1,1,https://www.cqc.org.uk/location/1-16385677861,,2026-09-01,2026-09-02,2026-09-08,17260
1-343721438,Romie Care Services Ltd,1-101681563,Romie Care Services Limited,Birmingham,B23 6RH,2011-12-02,Good,2019-12-24,N,Domiciliary care service,Children 0-18 years; Dementia; Learning disabilities or autistic spectrum disorder; Older People; Physical Disability; Sensory Impairment; Younger Adults,N,1,1,https://www.cqc.org.uk/location/1-343721438,,2026-09-01,2026-09-02,2026-09-08,39432
1-1949699207,S&S Care,1-1788738042,S&S Care (Midlands) Limited,Birmingham,B28 8JG,2015-02-18,Good,2019-04-04,N,Domiciliary care service; Supported living service,Mental Health; Older People; Physical Disability; Sensory Impairment; Younger Adults,Y,1,1,https://www.cqc.org.uk/location/1-1949699207,www.sandscare.co.uk,2026-09-01,2026-09-02,2026-09-08,22469
1-22965951955,SA Care Services Ltd,1-18868659421,SA Care Services Ltd,Birmingham,B18 6PT,2025-04-29,,,,Domiciliary care service,Dementia; Mental Health; Older People; Physical Disability; Sensory Impairment; Younger Adults,N,1,1,https://www.cqc.org.uk/location/1-22965951955,,2026-09-01,2026-09-02,2026-09-08,30177
1-11817013995,SCS - Head Office,1-9773621600,SCS Care Limited,Birmingham,B36 8DT,2021-10-15,Requires improvement,2023-09-06,N,Domiciliary care service; Supported living service,Dementia; Learning disabilities or autistic spectrum disorder; Older People; Physical Disability; Younger Adults,Y,1,1,https://www.cqc.org.uk/location/1-11817013995,www.scscare.co.uk,2026-09-01,2026-09-02,2026-09-08,4698
1-2521436412,SRS Care Limited,1-2020035247,SRS Care Limited,Birmingham,B33 0SG,2016-03-14,Good,2020-02-08,N,Domiciliary care service; Supported living service,Dementia; Learning disabilities or autistic spectrum disorder; Mental Health; Older People; Physical Disability; Sensory Impairment; Younger Adults,Y,1,1,https://www.cqc.org.uk/location/1-2521436412,www.srs-care.co.uk,2026-09-01,2026-09-02,2026-09-08,33218
1-9507395022,Sentricare Birmingham,1-101641125,Sentricare Limited,Birmingham,B27 6QT,2020-09-21,Requires improvement,2026-04-15,N,Domiciliary care service,Children 0-18 years; Dementia; Learning disabilities or autistic spectrum disorder; Mental Health; Older People; Physical Disability; Sensory Impairment; Younger Adults,N,2,1,https://www.cqc.org.uk/location/1-9507395022,www.sentricare.co.uk,2026-09-01,2026-09-02,2026-09-08,54477
1-1195236662,Sevacare - Sutton Coldfield,1-101689471,Sevacare (UK) Limited,Birmingham,B44 8PP,2014-01-29,Good,2017-11-03,N,Domiciliary care service,Older People; Younger Adults,N,5,4,https://www.cqc.org.uk/location/1-1195236662,www.sevacare.org.uk,2026-09-01,2026-09-02,2026-09-08,5423
1-130731530,Sevacare - Hall Green,1-101689471,Sevacare (UK) Limited,Birmingham,B28 8AS,2010-12-17,Requires improvement,2024-06-10,N,Domiciliary care service; Extra Care housing services,Children 0-18 years; Dementia; Learning disabilities or autistic spectrum disorder; Mental Health; Older People; Physical Disability; Sensory Impairment; Younger Adults,N,5,4,https://www.cqc.org.uk/location/1-130731530,www.sevacare.org.uk,2026-09-01,2026-09-02,2026-09-08,10351
1-130731599,Sevacare - Kingstanding,1-101689471,Sevacare (UK) Limited,Birmingham,B44 8PP,2010-12-17,Good,2025-05-07,N,Domiciliary care service,Children 0-18 years; Dementia; Learning disabilities or autistic spectrum disorder; Mental Health; Older People; Physical Disability; Sensory Impairment; Younger Adults,N,5,4,https://www.cqc.org.uk/location/1-130731599,www.sevacare.org.uk,2026-09-01,2026-09-02,2026-09-08,10352
1-2132613650,Sevacare - Birmingham Central,1-101689471,Sevacare (UK) Limited,Birmingham,B15 3EZ,2015-07-14,Good,2024-06-24,N,Domiciliary care service,Dementia; Learning disabilities or autistic spectrum disorder; Older People; Physical Disability; Sensory Impairment; Younger Adults,N,5,4,https://www.cqc.org.uk/location/1-2132613650,www.sevacare.org.uk,2026-09-01,2026-09-02,2026-09-08,27273
1-9012280065,81 Wood Lane,1-8651063943,Shephards Care Services Ltd,Birmingham,B32 4AD,2020-06-08,Requires improvement,2022-09-21,N,Domiciliary care service,Dementia; Mental Health; Older People; Physical Disability; Younger Adults,N,1,1,https://www.cqc.org.uk/location/1-9012280065,,2026-09-01,2026-09-02,2026-09-08,53689
1-19660075888,The Vault Business Centre,1-15981202891,Silverstem Healthcare Limited,Birmingham,B12 0JU,2024-06-28,,,,Domiciliary care service,Dementia; Older People,N,1,1,https://www.cqc.org.uk/location/1-19660075888,www.silverstem.co.uk,2026-09-01,2026-09-02,2026-09-08,23077
1-18034475581,Birmingham,1-16412504951,Simeon Care Limited,Birmingham,B16 8PF,2023-12-07,,,,Domiciliary care service; Supported living service,Children 0-18 years; Dementia; Learning disabilities or autistic spectrum disorder; Older People; Physical Disability; Younger Adults,Y,2,1,https://www.cqc.org.uk/location/1-18034475581,www.simeonresidential.co.uk,2026-09-01,2026-09-02,2026-09-08,19266
1-12472016078,Simply HomeCare LTD,1-11308065252,Simply HomeCare Ltd,Birmingham,B5 7XH,2022-02-05,,,,Domiciliary care service; Supported living service,Dementia; Learning disabilities or autistic spectrum disorder; Mental Health; Older People; Physical Disability; Sensory Impairment; Younger Adults,Y,1,1,https://www.cqc.org.uk/location/1-12472016078,www.simplyhomecare.co.uk,2026-09-01,2026-09-02,2026-09-08,7859
1-968901596,Sisters Care Services CIC,1-945899283,Sisters Care Services CIC,Birmingham,B12 0NS,2013-11-01,Good,2019-12-24,N,Community health care services - Nurses Agency only; Domiciliary care service; Supported living service,Dementia; Learning disabilities or autistic spectrum disorder; Mental Health; Physical Disability; Sensory Impairment; Whole Population,Y,1,1,https://www.cqc.org.uk/location/1-968901596,,2026-09-01,2026-09-02,2026-09-08,54807
1-15232915300,Soft Touch Care Services,1-14160571500,Soft Touch Care Services Ltd,Birmingham,B25 8YP,2023-03-17,,,,Domiciliary care service; Supported living service,Dementia; Mental Health; Older People; Physical Disability; Younger Adults,Y,1,1,https://www.cqc.org.uk/location/1-15232915300,www.softtouchcareservices.co.uk,2026-09-01,2026-09-02,2026-09-08,15739
1-124831283,Solitaire Homecare Services Limited,1-101675388,Solitaire Homecare Services Limited,Birmingham,B44 8NS,2011-01-13,Requires improvement,2023-06-08,N,Domiciliary care service,Dementia; Mental Health; Older People; People who misuse drugs and alcohol; Physical Disability; Sensory Impairment; Younger Adults,N,1,1,https://www.cqc.org.uk/location/1-124831283,,2026-09-01,2026-09-02,2026-09-08,7894
1-16093771185,Southern Care LTD,1-15470144265,Southern Care Ltd,Birmingham,B31 5DJ,2023-06-13,,,,Domiciliary care service,Dementia; Older People; Physical Disability; Younger Adults,N,1,1,https://www.cqc.org.uk/location/1-16093771185,,2026-09-01,2026-09-02,2026-09-08,16998
1-22163593039,Spectacare Healthcare Ltd,1-21096558931,Spectacare Healthcare Ltd,Birmingham,B23 7YH,2025-05-27,,,,Domiciliary care service,Mental Health; Older People; Physical Disability; Sensory Impairment; Younger Adults,N,1,1,https://www.cqc.org.uk/location/1-22163593039,spectacare.co.uk,2026-09-01,2026-09-02,2026-09-08,29325
1-26602914843,Square Routes Care Ltd,1-18878434807,Square Routes Care Ltd,Birmingham,B13 8RE,2026-01-26,,,,Domiciliary care service,Learning disabilities or autistic spectrum disorder; Physical Disability; Sensory Impairment; Younger Adults,N,1,1,https://www.cqc.org.uk/location/1-26602914843,,2026-09-01,2026-09-02,2026-09-08,34907
1-26103753760,Starlight Support Services Ltd,1-4011445850,Starlight Support Services Ltd,Birmingham,B1 2JB,2025-12-18,Good,2022-05-25,Y,Domiciliary care service; Supported living service,Dementia; Learning disabilities or autistic spectrum disorder; Mental Health; Older People; Physical Disability; Sensory Impairment; Younger Adults,Y,3,1,https://www.cqc.org.uk/location/1-26103753760,,2026-09-01,2026-09-02,2026-09-08,34390
1-5587608353,Stella Maris Healthcare Ltd,1-5257082953,Stella Maris Healthcare Ltd,Birmingham,B30 2BT,2018-08-13,,,,Domiciliary care service; Supported living service,Learning disabilities or autistic spectrum disorder; Mental Health; Older People; People who misuse drugs and alcohol; Younger Adults,Y,1,1,https://www.cqc.org.uk/location/1-5587608353,www.stellamarishealthcare.co.uk,2026-09-01,2026-09-02,2026-09-08,46955
1-23701101211,Sunny Days Care Group Limited,1-21745027396,Sunny Days Care Group Limited,Birmingham,B31 1UJ,2025-06-26,,,,Domiciliary care service,Dementia; Older People; Physical Disability; Younger Adults,N,1,1,https://www.cqc.org.uk/location/1-23701101211,www.sunnydayscaregroup.co.uk,2026-09-01,2026-09-02,2026-09-08,31263
1-111464277,Support Asia Limited,1-101659645,Support Asia Limited,Birmingham,B21 0PD,2011-01-17,Good,2019-12-12,N,Domiciliary care service; Supported living service,Dementia; Learning disabilities or autistic spectrum disorder; Mental Health; Older People; People who misuse drugs and alcohol; People with an eating disorder; Physical Disability; Sensory Impairment; Younger Adults,Y,1,1,https://www.cqc.org.uk/location/1-111464277,www.supportasia.co.uk,2026-09-01,2026-09-02,2026-09-08,2364
1-11488270256,Supportive Care Services Ltd,1-10006288955,Supportive Care Services Ltd,Birmingham,B10 0ED,2021-10-11,Requires improvement,2026-06-18,N,Domiciliary care service,Children 0-18 years; Dementia; Older People; Physical Disability; Younger Adults,N,1,1,https://www.cqc.org.uk/location/1-11488270256,www.homecareservices.uk,2026-09-01,2026-09-02,2026-09-08,3490
1-27510111922,Synergy Support Services Ltd,1-12035758345,Synergy Support Services Ltd,Birmingham,B11 2AA,2026-04-02,,,,Domiciliary care service; Supported living service,Children 0-18 years; Dementia; Learning disabilities or autistic spectrum disorder; Mental Health; Older People; People who misuse drugs and alcohol; People with an eating disorder; Physical Disability; Sensory Impairment; Younger Adults,Y,1,1,https://www.cqc.org.uk/location/1-27510111922,,2026-09-01,2026-09-02,2026-09-08,36064
1-1826925307,Team Locum Limited,1-1693534630,Team Locum Limited,Birmingham,B30 3FJ,2014-12-16,Good,2022-05-24,N,Domiciliary care service,Children 0-18 years; Dementia; Learning disabilities or autistic spectrum disorder; Mental Health; Older People; Physical Disability; Sensory Impairment; Younger Adults,N,1,1,https://www.cqc.org.uk/location/1-1826925307,www.teamlocum.co.uk,2026-09-01,2026-09-02,2026-09-08,19642
1-2790983508,Elite Care 24/7,1-873245203,Temple Mead Care Ltd,Birmingham,B76 9DD,2016-07-21,Not Rated,,N,Domiciliary care service; Supported living service,Older People; Younger Adults,Y,1,1,https://www.cqc.org.uk/location/1-2790983508,www.elitecare247.co.uk,2026-09-01,2026-09-02,2026-09-08,36495
1-23695436535,Tender Living Residence,1-21682588460,Tender Living Residence Ltd,Birmingham,B3 1RB,2025-06-25,,,,Domiciliary care service,Dementia; Older People; Physical Disability; Sensory Impairment; Younger Adults,N,1,1,https://www.cqc.org.uk/location/1-23695436535,www.tlrs.co.uk/,2026-09-01,2026-09-02,2026-09-08,31244
1-12105708891,The Care Workshop Limited,1-1300968947,The Care Workshop Limited,Birmingham,B21 0AL,2021-12-01,Good,2023-02-22,N,Domiciliary care service; Supported living service,Dementia; Learning disabilities or autistic spectrum disorder; Mental Health; Older People; Younger Adults,Y,3,2,https://www.cqc.org.uk/location/1-12105708891,www.thecareworkshop.co.uk,2026-09-01,2026-09-02,2026-09-08,6217
1-15152271370,The Care Workshop Limited,1-1300968947,The Care Workshop Limited,Birmingham,B21 0AL,2023-03-07,,,,Domiciliary care service; Supported living service,Children 0-18 years; Dementia; Mental Health; Older People; Physical Disability; Sensory Impairment; Younger Adults,Y,3,2,https://www.cqc.org.uk/location/1-15152271370,www.thecareworkshop.co.uk,2026-09-01,2026-09-02,2026-09-08,15503
1-297431421,The Diamond Care Partnership Ltd,1-228517771,The Diamond Care Partnership Ltd,Birmingham,B12 9RG,2011-10-13,Requires improvement,2021-05-29,N,Domiciliary care service; Supported living service,Dementia; Learning disabilities or autistic spectrum disorder; Older People; Physical Disability; Sensory Impairment; Younger Adults,Y,1,1,https://www.cqc.org.uk/location/1-297431421,,2026-09-01,2026-09-02,2026-09-08,38143
1-21765878572,Brain Injury Rehabilitation Trust - Bristol Road,1-102642556,The Disabilities Trust,Birmingham,B29 6LX,2025-02-28,Good,2020-01-09,Y,Care home service without nursing; Domiciliary care service; Extra Care housing services; Supported living service,Older People; Physical Disability; Younger Adults,Y,4,1,https://www.cqc.org.uk/location/1-21765878572,www.brainkind.org,2026-09-01,2026-09-02,2026-09-08,28030
1-2228989981,Bournville Gardens Village,1-102642963,The ExtraCare Charitable Trust,Birmingham,B31 2FR,2015-09-28,Good,2019-10-18,N,Domiciliary care service; Extra Care housing services,Older People; Younger Adults,N,6,3,https://www.cqc.org.uk/location/1-2228989981,www.extracare.org.uk,2026-09-01,2026-09-02,2026-09-08,29474
1-4196632027,Longbridge Village,1-102642963,The ExtraCare Charitable Trust,Birmingham,B31 2FZ,2017-08-29,Good,2018-11-08,N,Domiciliary care service; Extra Care housing services,Older People; Younger Adults,N,6,3,https://www.cqc.org.uk/location/1-4196632027,www.extracare.org.uk,2026-09-01,2026-09-02,2026-09-08,41306
1-2233623172,The Nurse International Ltd,1-2164916881,The Nurse International Ltd,Birmingham,B6 7BH,2015-09-29,Requires improvement,2022-07-30,N,Domiciliary care service; Supported living service,Dementia; Learning disabilities or autistic spectrum disorder; Mental Health; Older People; Physical Disability; Younger Adults,Y,1,1,https://www.cqc.org.uk/location/1-2233623172,www.thenurseint.com,2026-09-01,2026-09-02,2026-09-08,29498
1-2179872716,Ash Grove,1-101677200,The Riverside Group Limited,Birmingham,B31 2NQ,2015-09-07,Good,2019-06-19,N,Domiciliary care service,Dementia; Older People; Physical Disability; Younger Adults,N,3,1,https://www.cqc.org.uk/location/1-2179872716,www.riverside.org.uk,2026-09-01,2026-09-02,2026-09-08,28066
1-12962342535,TheSignLife Project,1-10875662107,TheSignLife Project CIC,Birmingham,B17 9PU,2022-04-22,Requires improvement,2025-10-15,N,Domiciliary care service,Dementia; Learning disabilities or autistic spectrum disorder; Mental Health; Older People; Physical Disability; Sensory Impairment; Younger Adults,N,1,1,https://www.cqc.org.uk/location/1-12962342535,www.thesignlife.co.uk,2026-09-01,2026-09-02,2026-09-08,9987
1-19425129884,Thricecube Empire Ltd,1-18135701116,Thricecube Empire Ltd,Birmingham,B16 8XF,2024-07-01,,,,Domiciliary care service; Supported living service,Dementia; Mental Health; Older People; People who misuse drugs and alcohol; Physical Disability; Sensory Impairment; Younger Adults,Y,1,1,https://www.cqc.org.uk/location/1-19425129884,,2026-09-01,2026-09-02,2026-09-08,22286
1-1839470431,Total Quality Care Services Ltd Birmingham,1-1622271454,Total Quality Care Services Ltd,Birmingham,B45 9AH,2014-12-19,Good,2026-08-17,N,Domiciliary care service,Dementia; Learning disabilities or autistic spectrum disorder; Mental Health; Older People; Physical Disability; Sensory Impairment,N,1,1,https://www.cqc.org.uk/location/1-1839470431,,2026-09-01,2026-09-02,2026-09-08,19971
1-11505043770,Touchheart Healthcare Main Office,1-8929661135,Touchheart Healthcare Ltd,Birmingham,B16 8SP,2021-08-27,Good,2023-06-13,N,Domiciliary care service; Supported living service,Older People; Younger Adults,Y,2,1,https://www.cqc.org.uk/location/1-11505043770,,2026-09-01,2026-09-02,2026-09-08,3539
1-17835712411,Tri-Elite Support and Care Limited,1-16463830590,Tri-Elite Support and Care Limited,Birmingham,B31 1PR,2023-11-01,,,,Domiciliary care service,Older People; Physical Disability; Sensory Impairment; Younger Adults,N,1,1,https://www.cqc.org.uk/location/1-17835712411,,2026-09-01,2026-09-02,2026-09-08,18952
1-2335142131,Trident Reach Domiciliary Care - Birmingham Branch,1-131464550,Trident Reach The People Charity,Birmingham,B12 0PW,2015-12-09,Good,2019-06-27,N,Domiciliary care service; Supported living service,Dementia; Learning disabilities or autistic spectrum disorder; Mental Health; Older People; Physical Disability; Sensory Impairment; Younger Adults,Y,1,1,https://www.cqc.org.uk/location/1-2335142131,www.tridentgroup.org.uk,2026-09-01,2026-09-02,2026-09-08,30773
1-2458564564,Trust Quality Care Ltd,1-2378989124,Trust Quality Care Ltd,Birmingham,B11 1AR,2016-02-22,Good,2019-06-04,N,Domiciliary care service,Dementia; Learning disabilities or autistic spectrum disorder; Mental Health; Older People; People with an eating disorder; Physical Disability; Sensory Impairment; Younger Adults,N,1,1,https://www.cqc.org.uk/location/1-2458564564,,2026-09-01,2026-09-02,2026-09-08,32413
1-123591876,Unity Care,1-101623172,Unity Care,Birmingham,B6 6NE,2011-01-24,Good,2019-07-20,N,Care home service without nursing; Domiciliary care service; Supported living service,Learning disabilities or autistic spectrum disorder; Mental Health; Younger Adults,Y,1,1,https://www.cqc.org.uk/location/1-123591876,www.unitycare.co.uk,2026-09-01,2026-09-02,2026-09-08,7310
1-19800633526,VALUE RICH CARE PATHWAYS LIMITED- Main Office,1-18377630605,VALUE RICH CARE PATHWAYS LIMITED,Birmingham,B3 3HN,2024-08-02,,,,Domiciliary care service; Supported living service,Children 0-18 years; Dementia; Learning disabilities or autistic spectrum disorder; Mental Health; Older People; Physical Disability; Sensory Impairment; Younger Adults,Y,1,1,https://www.cqc.org.uk/location/1-19800633526,www.brighterdawn.co.uk,2026-09-01,2026-09-02,2026-09-08,23561
1-18139078014,Victorious Living Care Limited,1-16463905826,Victorious Living Care Limited,Birmingham,B29 5AY,2023-11-23,,,,Domiciliary care service,Dementia; Older People; Physical Disability; Younger Adults,N,1,1,https://www.cqc.org.uk/location/1-18139078014,,2026-09-01,2026-09-02,2026-09-08,19424
1-288200691,Villa Care Agency,1-233184353,Villa Care Homes Limited,Birmingham,B23 5TH,2011-08-01,Good,2019-07-18,N,Domiciliary care service,Older People,N,1,1,https://www.cqc.org.uk/location/1-288200691,www.villacareagency.co.uk,2026-09-01,2026-09-02,2026-09-08,37463
1-4085376154,WMHC Ltd,1-4079687760,WMHC Ltd,Birmingham,B11 3RS,2017-09-22,Good,2024-03-02,N,Domiciliary care service; Supported living service,Dementia; Learning disabilities or autistic spectrum disorder; Mental Health; Older People; Sensory Impairment; Younger Adults,Y,1,1,https://www.cqc.org.uk/location/1-4085376154,www.wmhc.org.uk,2026-09-01,2026-09-02,2026-09-08,41018
1-8129408696,Watra Care Birmingham,1-7330633230,Watra Care Limited,Birmingham,B18 4HB,2020-01-09,Good,2021-10-01,N,Domiciliary care service,Children 0-18 years; Dementia; Learning disabilities or autistic spectrum disorder; Mental Health; Older People; Physical Disability; Sensory Impairment; Whole Population,N,1,1,https://www.cqc.org.uk/location/1-8129408696,www.watracare.co.uk,2026-09-01,2026-09-02,2026-09-08,52566
1-592021561,Watra Care Solihull,1-572769569,Watra Limited,Birmingham,B18 4HB,2013-01-25,Good,2019-05-11,N,Domiciliary care service,Children 0-18 years; Dementia; Learning disabilities or autistic spectrum disorder; Mental Health; Older People; People with an eating disorder; Physical Disability; Sensory Impairment; Younger Adults,N,1,1,https://www.cqc.org.uk/location/1-592021561,,2026-09-01,2026-09-02,2026-09-08,48948
1-9697807058,Enabling Lives - Birmingham,1-9256292858,Winusman Care Ltd,Birmingham,B14 7SW,2020-12-11,Good,2022-04-09,N,Domiciliary care service; Supported living service,Children 0-18 years; Learning disabilities or autistic spectrum disorder; Mental Health; Older People; Physical Disability; Sensory Impairment; Younger Adults,Y,1,1,https://www.cqc.org.uk/location/1-9697807058,www.enablinglives.co.uk,2026-09-01,2026-09-02,2026-09-08,54812
1-674490404,Wisteria Care Agency Ltd,1-197469919,Wisteria Care Agency Ltd,Birmingham,B76 9DD,2013-04-24,Good,2019-04-30,N,Domiciliary care service; Supported living service,Learning disabilities or autistic spectrum disorder; Older People; Physical Disability; Younger Adults,Y,1,1,https://www.cqc.org.uk/location/1-674490404,www.wisteriacareagency.com,2026-09-01,2026-09-02,2026-09-08,50519
1-19883402624,WITH TRUST CARE LIMITED,1-18041750535,With Trust Care Limited,Birmingham,B6 6AE,2024-09-24,,,,Domiciliary care service,Dementia; Older People; Sensory Impairment; Younger Adults,N,1,1,https://www.cqc.org.uk/location/1-19883402624,www.withtrustcare.com,2026-09-01,2026-09-02,2026-09-08,24018
1-548983403,Your Care Services Brain Injury Specialists,1-474097523,Your Care Services Brain Injury Specialists Limited,Birmingham,B7 5JR,2012-12-11,Good,2019-10-17,N,Domiciliary care service; Supported living service,Dementia; Learning disabilities or autistic spectrum disorder; Mental Health; Older People; Physical Disability; Sensory Impairment; Younger Adults,Y,1,1,https://www.cqc.org.uk/location/1-548983403,www.yourcareservices.org.uk,2026-09-01,2026-09-02,2026-09-08,45951
1-11687782348,Your Support,1-10528987338,Your Support Services Limited,Birmingham,B7 5JR,2021-09-22,Not Rated,,N,Domiciliary care service; Supported living service,Dementia; Learning disabilities or autistic spectrum disorder; Mental Health; Older People; Physical Disability; Sensory Impairment; Younger Adults,Y,1,1,https://www.cqc.org.uk/location/1-11687782348,,2026-09-01,2026-09-02,2026-09-08,4175
1-290752472,Your Life (Sutton Coldfield),1-172521302,Yourlife Management Services Limited,Birmingham,B73 5XF,2011-08-22,Good,2019-06-19,N,Domiciliary care service,Dementia; Older People; Younger Adults,N,123,4,https://www.cqc.org.uk/location/1-290752472,www.mccarthyandstone.co.uk,2026-09-01,2026-09-02,2026-09-08,37693
1-4826285128,Your Life (Edgbaston),1-172521302,Yourlife Management Services Limited,Birmingham,B15 3AY,2018-03-23,Good,2019-03-14,N,Domiciliary care service,Dementia; Older People; Physical Disability; Sensory Impairment; Younger Adults,N,123,4,https://www.cqc.org.uk/location/1-4826285128,www.mccarthyandstone.co.uk,2026-09-01,2026-09-02,2026-09-08,42910
1-1764201580,Zanta Healthcare,1-1664031006,Zanta Healthcare Limited,Birmingham,B75 5BT,2014-10-06,Good,2022-07-02,N,Domiciliary care service; Supported living service,Mental Health; Older People; Younger Adults,Y,1,1,https://www.cqc.org.uk/location/1-1764201580,,2026-09-01,2026-09-02,2026-09-08,18714
1-1553474821,iCare Living Limited,1-1535337271,iCare Living Limited,Birmingham,B44 8HX,2014-08-18,Good,2019-07-26,N,Domiciliary care service; Supported living service,Children 0-18 years; Dementia; Learning disabilities or autistic spectrum disorder; Mental Health; Older People; People who misuse drugs and alcohol; People with an eating disorder; Physical Disability; Sensory Impairment; Younger Adults,Y,1,1,https://www.cqc.org.uk/location/1-1553474821,,2026-09-01,2026-09-02,2026-09-08,16314
1-18175091537,3Belle.Ami Health,1-15179007598,3Belle.Ami Health Limited,Solihull,B37 7YN,2023-11-28,,,,Domiciliary care service; Supported living service,Learning disabilities or autistic spectrum disorder; Mental Health; Older People; Younger Adults,Y,1,1,https://www.cqc.org.uk/location/1-18175091537,www.3belleamihealth.co.uk,2026-09-01,2026-09-02,2026-09-08,19491
1-21950976405,A Star Care Services,1-20393322193,A Star Care Services Limited,Solihull,B90 4UT,2025-04-16,Good,2022-08-10,Y,Domiciliary care service,Dementia; Older People; Physical Disability; Younger Adults,N,1,1,https://www.cqc.org.uk/location/1-21950976405,www.astarcareservices.co.uk,2026-09-01,2026-09-02,2026-09-08,28349
1-14643096648,Acer Healthcare Limited,1-14197673591,Acer Healthcare Ltd,Solihull,B37 7WY,2023-01-03,,,,Domiciliary care service; Supported living service,Dementia; Learning disabilities or autistic spectrum disorder; Mental Health; Older People; People with an eating disorder; Physical Disability; Sensory Impairment; Younger Adults,Y,1,1,https://www.cqc.org.uk/location/1-14643096648,www.acerhealthcare.com,2026-09-01,2026-09-02,2026-09-08,14508
1-19060271907,Advance Healthcare- Hampton House,1-101659529,Advance Health Care UK Ltd,Solihull,B91 2QJ,2024-04-01,Good,2022-11-22,Y,Domiciliary care service,Dementia; Older People; Physical Disability; Younger Adults,N,10,4,https://www.cqc.org.uk/location/1-19060271907,www.advancehealthcare.co.uk,2026-09-01,2026-09-02,2026-09-08,21551
1-19060272095,Advance Healthcare- Phoenix House,1-101659529,Advance Health Care UK Ltd,Solihull,B90 4PQ,2024-04-01,Good,2022-12-02,Y,Domiciliary care service,Dementia; Mental Health; Older People; Physical Disability; Sensory Impairment; Younger Adults,N,10,4,https://www.cqc.org.uk/location/1-19060272095,www.advancehealthcare.co.uk,2026-09-01,2026-09-02,2026-09-08,21552
1-19060272122,Advance Healthcare- Trinity Apartments,1-101659529,Advance Health Care UK Ltd,Solihull,B90 3FE,2024-04-01,Good,2026-06-29,N,Domiciliary care service,Dementia; Mental Health; Older People; Physical Disability; Sensory Impairment; Younger Adults,N,10,4,https://www.cqc.org.uk/location/1-19060272122,www.advancehealthcare.co.uk,2026-09-01,2026-09-02,2026-09-08,21553
1-20393312342,Advance Healthcare (Saxon Court),1-101659529,Advance Health Care UK Ltd,Solihull,B37 7RF,2024-10-30,,,,Domiciliary care service; Extra Care housing services,Dementia; Mental Health; Older People; Physical Disability; Sensory Impairment; Younger Adults,N,10,4,https://www.cqc.org.uk/location/1-20393312342,www.advancehealthcare.co.uk,2026-09-01,2026-09-02,2026-09-08,25852
1-27031625266,Alina Homecare Solihull,1-6455105516,Alina Homecare Services Limited,Solihull,B90 4PD,2026-02-27,,,,Domiciliary care service,Dementia; Older People; Physical Disability; Younger Adults,N,32,2,https://www.cqc.org.uk/location/1-27031625266,www.alinahomecare.com,2026-09-01,2026-09-02,2026-09-08,35544
1-28707271724,Alina Homecare Sutton Coldfield,1-6455105516,Alina Homecare Services Limited,Solihull,B90 4PD,2026-07-23,,,,Domiciliary care service,Dementia; Older People; Physical Disability; Younger Adults,N,32,2,https://www.cqc.org.uk/location/1-28707271724,www.alinahomecare.com,2026-09-01,2026-09-02,2026-09-08,37360
1-143046239,Angels Healthcare Ltd,1-120627562,Angels Healthcare Ltd,Solihull,B37 7TP,2015-01-05,Good,2019-08-21,N,Domiciliary care service,Dementia; Mental Health; Older People; Physical Disability; Sensory Impairment; Younger Adults,N,2,1,https://www.cqc.org.uk/location/1-143046239,,2026-09-01,2026-09-02,2026-09-08,13714
1-19057685215,Right at Home Solihull,1-17603397333,Ashcare Solihull Limited,Solihull,B90 4PD,2024-04-05,,,,Domiciliary care service,Dementia; Older People; Physical Disability; Younger Adults,N,1,1,https://www.cqc.org.uk/location/1-19057685215,www.rightathome.co.uk/solihull,2026-09-01,2026-09-02,2026-09-08,21503
1-1070803341,White Doves,1-101681607,Aspects Care Limited,Solihull,B94 6NN,2013-12-09,Good,2017-10-31,N,Domiciliary care service; Supported living service,Dementia; Learning disabilities or autistic spectrum disorder; Mental Health; Older People; Physical Disability; Sensory Impairment; Younger Adults,Y,3,2,https://www.cqc.org.uk/location/1-1070803341,www.aspectscare.co.uk,2026-09-01,2026-09-02,2026-09-08,1174
1-23418838330,Autism West Midlands Solihull,1-101653587,Autism.West Midlands,Solihull,B37 7HP,2025-07-17,,,,Domiciliary care service; Supported living service,Learning disabilities or autistic spectrum disorder; Younger Adults,Y,2,1,https://www.cqc.org.uk/location/1-23418838330,www.autismwestmidlands.org.uk,2026-09-01,2026-09-02,2026-09-08,30876
1-1686342232,Auxilio Care Limited,1-1495472313,Auxilio Care Limited,Solihull,B37 7TP,2014-09-25,Good,2019-08-14,N,Domiciliary care service; Supported living service,Learning disabilities or autistic spectrum disorder; Mental Health; Older People; Physical Disability; Sensory Impairment; Younger Adults,Y,1,1,https://www.cqc.org.uk/location/1-1686342232,,2026-09-01,2026-09-02,2026-09-08,17749
1-21252528279,Care Affair Solihull Ltd,1-6253236219,Care Affair Solihull Ltd,Solihull,B90 8AJ,2025-02-17,Good,2019-10-31,Y,Domiciliary care service,Dementia; Mental Health; Older People; Physical Disability; Sensory Impairment; Younger Adults,N,1,1,https://www.cqc.org.uk/location/1-21252528279,,2026-09-01,2026-09-02,2026-09-08,27186
1-8583352224,Care4Now,1-7799232615,Care4Now Ltd,Solihull,B90 3JQ,2020-03-20,Good,2022-01-27,N,Domiciliary care service,Older People; Younger Adults,N,1,1,https://www.cqc.org.uk/location/1-8583352224,www.care4now.co.uk,2026-09-01,2026-09-02,2026-09-08,53156
1-2632837915,Dixon Dunn Care Solihull Limited,1-2620398148,Dixon Dunn Care Solihull Limited,Solihull,B94 6NW,2016-06-27,Good,2026-06-24,N,Domiciliary care service,Dementia; Learning disabilities or autistic spectrum disorder; Mental Health; Older People; Physical Disability; Sensory Impairment; Younger Adults,N,1,1,https://www.cqc.org.uk/location/1-2632837915,www.homeinstead.co.uk,2026-09-01,2026-09-02,2026-09-08,34567
1-138380533,DomCare,1-101719765,DomCare,Solihull,B27 7AN,2010-12-07,Good,2022-12-01,N,Domiciliary care service,Dementia; Learning disabilities or autistic spectrum disorder; Mental Health; Older People; People with an eating disorder; Physical Disability; Sensory Impairment,N,1,1,https://www.cqc.org.uk/location/1-138380533,www.domcare.co.uk,2026-09-01,2026-09-02,2026-09-08,12593
1-115981889,Dove Home Care Agency Limited,1-101719623,Dove Home Care Agency Limited,Solihull,B92 7AH,2010-12-07,Requires improvement,2026-07-13,N,Domiciliary care service,Dementia; Learning disabilities or autistic spectrum disorder; Older People; Physical Disability; Sensory Impairment,N,1,1,https://www.cqc.org.uk/location/1-115981889,www.dovehomecare.com,2026-09-01,2026-09-02,2026-09-08,3887
1-116533435,Care Services,1-101719711,Elaine Frances Sadler,Solihull,B92 8AH,2010-12-06,Good,2020-02-29,N,Domiciliary care service,Dementia; Older People; Physical Disability; Younger Adults,N,1,1,https://www.cqc.org.uk/location/1-116533435,,2026-09-01,2026-09-02,2026-09-08,4036
1-1113864424,Elite Assistance Limited,1-101692436,Elite Assistance Ltd,Solihull,B93 0EP,2013-12-10,Good,2018-12-12,N,Community health care services - Nurses Agency only; Domiciliary care service,Whole Population,N,1,1,https://www.cqc.org.uk/location/1-1113864424,www.eliteassistance.co.uk,2026-09-01,2026-09-02,2026-09-08,2340
1-16843661147,ECS Main Office,1-15940078605,Emerald Care Solutions Ltd,Solihull,B37 7YN,2023-08-23,,,,Domiciliary care service; Supported living service,Older People; Younger Adults,Y,1,1,https://www.cqc.org.uk/location/1-16843661147,,2026-09-01,2026-09-02,2026-09-08,17723
1-116145956,Community Support Service,1-101662020,Family Care Trust,Solihull,B91 2RY,2010-12-30,Good,2018-09-12,N,Domiciliary care service; Supported living service,Dementia; Learning disabilities or autistic spectrum disorder; Mental Health; Older People; Younger Adults,Y,1,1,https://www.cqc.org.uk/location/1-116145956,www.familycaretrust.co.uk,2026-09-01,2026-09-02,2026-09-08,3933
1-11348755534,First Care Healthcare Ltd,1-10049338736,First Care Healthcare Ltd,Solihull,B36 9NX,2021-08-16,Good,2023-01-25,N,Domiciliary care service; Supported living service,Older People; Younger Adults,Y,1,1,https://www.cqc.org.uk/location/1-11348755534,www.firstcarehealthcare.co.uk,2026-09-01,2026-09-02,2026-09-08,3024
1-23331370689,Glorious Light Care Limited,1-20394791944,Glorious Light Care Limited,Solihull,B37 7YN,2025-05-29,,,,Domiciliary care service,Dementia; Mental Health; Older People; Younger Adults,N,1,1,https://www.cqc.org.uk/location/1-23331370689,,2026-09-01,2026-09-02,2026-09-08,30760
1-4375507721,Birmingham Business Park,1-2378316508,HBBA Care Ltd,Solihull,B37 7YN,2017-10-17,Good,2019-04-16,N,Domiciliary care service; Supported living service,Children 0-18 years; Dementia; Learning disabilities or autistic spectrum disorder; Mental Health; Older People; Physical Disability; Younger Adults,Y,1,1,https://www.cqc.org.uk/location/1-4375507721,www.hbbacare.com,2026-09-01,2026-09-02,2026-09-08,41787
1-19888295283,Homecare For You Solihull,1-101673242,Home Care For You Ltd,Solihull,B92 7AR,2024-09-04,Good,2026-04-15,N,Domiciliary care service,Children 0-18 years; Dementia; Older People; Physical Disability; Sensory Impairment; Younger Adults,N,7,1,https://www.cqc.org.uk/location/1-19888295283,,2026-09-01,2026-09-02,2026-09-08,24204
1-1244572868,Caremark Solihull,1-1120520425,Homehelp (Solihull) Limited,Solihull,B90 3AH,2014-02-11,Good,2019-04-05,N,Domiciliary care service; Supported living service,Children 0-18 years; Dementia; Learning disabilities or autistic spectrum disorder; Mental Health; Older People; People who misuse drugs and alcohol; Physical Disability; Sensory Impairment; Younger Adults,Y,1,1,https://www.cqc.org.uk/location/1-1244572868,www.caremark.co.uk/solihull/,2026-09-01,2026-09-02,2026-09-08,7701
1-125147608,Bright Dawn Home Care,1-117003101,Jacross Enterprises Ltd,Solihull,B93 8DB,2010-12-08,Good,2020-01-07,N,Domiciliary care service,Dementia; Older People; Physical Disability; Younger Adults,N,1,1,https://www.cqc.org.uk/location/1-125147608,,2026-09-01,2026-09-02,2026-09-08,8021
1-8821432431,KE 247 Support Services,1-8081629104,KE 247 Staffing Solutions Ltd,Solihull,B37 7TP,2020-05-07,Requires improvement,2022-05-10,N,Domiciliary care service; Supported living service,Children 0-18 years; Dementia; Learning disabilities or autistic spectrum disorder; Mental Health; Older People; Physical Disability; Sensory Impairment; Younger Adults,Y,1,1,https://www.cqc.org.uk/location/1-8821432431,,2026-09-01,2026-09-02,2026-09-08,53445
1-2343703092,Kelso Care Consortium Limited Supported Living Services,1-101610703,Kelso Care Consortium Limited,Solihull,B27 7AN,2015-12-17,Good,2019-12-19,N,Domiciliary care service; Supported living service,Learning disabilities or autistic spectrum disorder; Mental Health; Physical Disability; Sensory Impairment,Y,1,1,https://www.cqc.org.uk/location/1-2343703092,,2026-09-01,2026-09-02,2026-09-08,30895
1-15976851504,L.I.S.T Care Services Ltd,1-15239296319,L.I.S.T Care Services Ltd,Solihull,B37 6BN,2023-06-01,,,,Domiciliary care service; Supported living service,Children 0-18 years; Dementia; Older People; Physical Disability; Younger Adults,Y,1,1,https://www.cqc.org.uk/location/1-15976851504,,2026-09-01,2026-09-02,2026-09-08,16872
1-13315892234,Leaf Complex Care Midlands,1-5649977267,LEAF Complex Care Limited,Solihull,B37 7YE,2022-07-05,,,,Domiciliary care service; Supported living service,Children 0-18 years; Learning disabilities or autistic spectrum disorder; Mental Health; Older People; People who misuse drugs and alcohol; People with an eating disorder; Physical Disability; Sensory Impairment; Younger Adults,Y,3,1,https://www.cqc.org.uk/location/1-13315892234,www.leafcare.co.uk,2026-09-01,2026-09-02,2026-09-08,11065
1-2489094527,Meadow Home Care Services Ltd,1-101643889,Meadow Home Care Services Limited,Solihull,B92 8BG,2016-03-15,Requires improvement,2022-09-07,N,Domiciliary care service,Older People; Physical Disability; Younger Adults,N,1,1,https://www.cqc.org.uk/location/1-2489094527,,2026-09-01,2026-09-02,2026-09-08,32861
1-3805311663,Helping Hands Solihull,1-101671690,Midshires Care Limited,Solihull,B90 3ND,2017-05-10,Good,2019-04-12,N,Domiciliary care service,Dementia; Mental Health; Older People; Physical Disability; Sensory Impairment; Younger Adults,N,150,3,https://www.cqc.org.uk/location/1-3805311663,www.helpinghandshomecare.co.uk,2026-09-01,2026-09-02,2026-09-08,40339
1-25605647286,Omnia Support Limited (Solihull),1-130858161,Omnia Support Limited,Solihull,B90 4AA,2025-11-14,,,,Domiciliary care service,Dementia; Learning disabilities or autistic spectrum disorder; Mental Health; Older People; Physical Disability; Sensory Impairment; Younger Adults,N,2,2,https://www.cqc.org.uk/location/1-25605647286,,2026-09-01,2026-09-02,2026-09-08,33666
1-122840940,Orion Care Services,1-101724854,Orion Care Services,Solihull,B92 9NE,2011-01-11,Good,2019-04-27,N,Domiciliary care service; Supported living service,Dementia; Learning disabilities or autistic spectrum disorder; Mental Health; Older People; Physical Disability; Sensory Impairment; Younger Adults,Y,1,1,https://www.cqc.org.uk/location/1-122840940,,2026-09-01,2026-09-02,2026-09-08,7073
1-744857167,Plan-it Homecare Limited,1-295419510,Plan-it Homecare Limited,Solihull,CV7 7FW,2013-05-23,Good,2020-06-03,N,Domiciliary care service,Dementia; Learning disabilities or autistic spectrum disorder; Mental Health; Older People; Sensory Impairment; Younger Adults,N,1,1,https://www.cqc.org.uk/location/1-744857167,,2026-09-01,2026-09-02,2026-09-08,51623
1-9566440971,Real PCS Solihull,1-1698027483,Real PCS Limited,Solihull,B92 8LN,2020-09-22,Requires improvement,2022-07-06,N,Domiciliary care service; Supported living service,Dementia; Learning disabilities or autistic spectrum disorder; Physical Disability; Younger Adults,Y,2,1,https://www.cqc.org.uk/location/1-9566440971,www.realpcs.co.uk,2026-09-01,2026-09-02,2026-09-08,54552
1-4401675978,Sandant Care,1-4204143520,Sandant Care Limited,Solihull,B37 6NH,2017-10-18,Good,2019-03-19,N,Domiciliary care service; Supported living service,Children 0-18 years; Learning disabilities or autistic spectrum disorder; Older People; Younger Adults,Y,1,1,https://www.cqc.org.uk/location/1-4401675978,,2026-09-01,2026-09-02,2026-09-08,41857
1-1859392140,Social Life Opportunities (SoLo),1-352282229,SoLO Life Opportunities,Solihull,B37 7PU,2015-01-05,Requires improvement,2022-11-11,N,Domiciliary care service; Supported living service,Children 0-18 years; Learning disabilities or autistic spectrum disorder; Mental Health; Older People; Physical Disability; Sensory Impairment; Younger Adults,Y,1,1,https://www.cqc.org.uk/location/1-1859392140,www.sociallifeopportunities.org,2026-09-01,2026-09-02,2026-09-08,20165
1-10964383219,Social Care Academy - Warwickshire,1-3849317001,Social Care Academy Ltd,Solihull,CV7 7FR,2021-06-08,Good,2023-01-07,N,Domiciliary care service,Children 0-18 years; Dementia; Learning disabilities or autistic spectrum disorder; Older People; Physical Disability; Sensory Impairment; Younger Adults,N,2,1,https://www.cqc.org.uk/location/1-10964383219,www.socialcareacademy.net,2026-09-01,2026-09-02,2026-09-08,1833
1-4259095707,Solihull Care Ltd - 2Care4You Home & Community Care,1-101648291,Solihull Care,Solihull,B92 7HP,2017-09-19,Good,2019-11-01,N,Domiciliary care service,Dementia; Learning disabilities or autistic spectrum disorder; Older People; Physical Disability; Younger Adults,N,1,1,https://www.cqc.org.uk/location/1-4259095707,,2026-09-01,2026-09-02,2026-09-08,41496
1-2912651036,Solihull Time To Care Limited,1-2883161923,Solihull Time To Care Limited,Solihull,B91 1JJ,2016-10-11,Good,2020-02-08,N,Domiciliary care service,Dementia; Learning disabilities or autistic spectrum disorder; Mental Health; Older People; Physical Disability; Sensory Impairment; Younger Adults,N,1,1,https://www.cqc.org.uk/location/1-2912651036,www.solihulltimetocare.co.uk,2026-09-01,2026-09-02,2026-09-08,37740
1-1709403228,Solihull Home Care,1-1056090057,Solihullhomecare Limited,Solihull,B90 1UE,2014-10-07,Good,2019-06-07,N,Domiciliary care service,Children 0-18 years; Dementia; Learning disabilities or autistic spectrum disorder; Mental Health; Older People; People who misuse drugs and alcohol; People with an eating disorder; Physical Disability; Sensory Impairment; Younger Adults,N,1,1,https://www.cqc.org.uk/location/1-1709403228,www.solihullhomecare.co.uk,2026-09-01,2026-09-02,2026-09-08,18000
1-1107042902,Steps to Independence Limited,1-1084743714,Steps to Independence Ltd,Solihull,B37 7YB,2014-01-19,Good,2019-04-27,N,Domiciliary care service; Supported living service,Dementia; Learning disabilities or autistic spectrum disorder; Mental Health; Older People; People who misuse drugs and alcohol; People with an eating disorder; Physical Disability; Sensory Impairment; Younger Adults,Y,1,1,https://www.cqc.org.uk/location/1-1107042902,,2026-09-01,2026-09-02,2026-09-08,2143
1-274169618,Bluebird Care (Solihull & Birmingham West),1-249147064,Tarpeys Ltd,Solihull,B90 4ND,2011-07-06,Good,2019-04-26,N,Domiciliary care service,Children 0-18 years; Dementia; Learning disabilities or autistic spectrum disorder; Older People; Physical Disability; Sensory Impairment; Younger Adults,N,1,1,https://www.cqc.org.uk/location/1-274169618,www.bluebirdcare.co.uk,2026-09-01,2026-09-02,2026-09-08,35957
1-10285717693,Solihull Village,1-102642963,The ExtraCare Charitable Trust,Solihull,B90 2EL,2021-01-28,Good,2023-01-26,N,Domiciliary care service; Extra Care housing services,Dementia; Older People; Younger Adults,N,6,3,https://www.cqc.org.uk/location/1-10285717693,www.extracare.org.uk,2026-09-01,2026-09-02,2026-09-08,391
1-433777313,The Foundation of Lady Katherine Leveson,1-416884779,The Foundation of Lady Katherine Leveson,Solihull,B93 0AL,2012-07-02,Good,2019-11-28,N,Care home service without nursing; Domiciliary care service,Older People,N,1,1,https://www.cqc.org.uk/location/1-433777313,www.leveson.org.uk,2026-09-01,2026-09-02,2026-09-08,41682
1-18117564569,Strassen Care,1-14909385423,The Strassen Group LTD,Solihull,B94 6NW,2023-11-28,,,,Domiciliary care service,Dementia; Older People; Physical Disability; Younger Adults,N,1,1,https://www.cqc.org.uk/location/1-18117564569,www.strassencare.co.uk,2026-09-01,2026-09-02,2026-09-08,19377
1-15198050298,Transforming Support (Birmingham),1-13930897085,Transforming Support (Birmingham) Limited,Solihull,B37 7YN,2023-03-15,Not Rated,,N,Domiciliary care service; Supported living service,Learning disabilities or autistic spectrum disorder; Mental Health; Older People; Physical Disability; Sensory Impairment; Younger Adults,Y,1,1,https://www.cqc.org.uk/location/1-15198050298,,2026-09-01,2026-09-02,2026-09-08,15617
1-7601685405,Unique Senior Care,1-247596981,Understanding Care (Warwickshire) Limited,Solihull,B93 0LF,2019-10-15,Outstanding,2021-08-27,N,Domiciliary care service,Dementia; Learning disabilities or autistic spectrum disorder; Mental Health; Older People; Physical Disability; Sensory Impairment; Younger Adults,N,2,1,https://www.cqc.org.uk/location/1-7601685405,www.uniquecare.co.uk,2026-09-01,2026-09-02,2026-09-08,51855
1-12873726136,United Homecare Ltd,1-12021412585,United Homecare Ltd,Solihull,B36 9JT,2022-03-31,Good,2025-06-17,N,Domiciliary care service,Dementia; Learning disabilities or autistic spectrum disorder; Older People; Younger Adults,N,1,1,https://www.cqc.org.uk/location/1-12873726136,,2026-09-01,2026-09-02,2026-09-08,9562
1-15348190190,YourLife (Shirley),1-172521302,Yourlife Management Services Limited,Solihull,B90 4GW,2023-04-03,Good,2026-08-20,N,Domiciliary care service,Dementia; Older People; Physical Disability; Sensory Impairment; Younger Adults,N,123,4,https://www.cqc.org.uk/location/1-15348190190,www.mccarthyandstone.co.uk,2026-09-01,2026-09-02,2026-09-08,15972
1-2192880602,YourLife (Bentley Heath),1-172521302,Yourlife Management Services Limited,Solihull,B93 8NA,2015-10-06,Good,2019-09-24,N,Domiciliary care service,Dementia; Older People; Physical Disability; Sensory Impairment; Younger Adults,N,123,4,https://www.cqc.org.uk/location/1-2192880602,www.mccarthyandstone.co.uk,2026-09-01,2026-09-02,2026-09-08,28292
1-18886225672,Zenn Care Ltd,1-18383871033,Zenn Care Ltd,Solihull,B90 8AG,2024-03-13,,,,Domiciliary care service,Dementia; Mental Health; Older People; Physical Disability; Sensory Impairment; Younger Adults,N,1,1,https://www.cqc.org.uk/location/1-18886225672,www.zenncare.co.uk,2026-09-01,2026-09-02,2026-09-08,20873
